company_id,year,calculated_roe,calculated_roce,source_roe,source_roce,debt_to_equity,high_leverage_flag,sector,industry,roe_difference_pct_points,roce_difference_pct_points,roe_category,roce_category,edge_case_type
ABB,2012,22.411128284389488,31.221020092735703,34.9,46.0,0.0,0,Industrials,Capital Goods,12.488871715610511,14.778979907264297,MATERIAL_DIFFERENCE,MATERIAL_DIFFERENCE,ROE_AND_ROCE_DIFFERENCE
ABB,2014,25.12690355329949,33.88324873096447,34.9,46.0,0.0,0,Industrials,Capital Goods,9.77309644670051,12.116751269035532,MODERATE_DIFFERENCE,MATERIAL_DIFFERENCE,ROE_AND_ROCE_DIFFERENCE
ABB,2015,24.439701173959445,33.29775880469584,34.9,46.0,0.0,0,Industrials,Capital Goods,10.460298826040553,12.702241195304161,MATERIAL_DIFFERENCE,MATERIAL_DIFFERENCE,ROE_AND_ROCE_DIFFERENCE
ABB,2016,21.338912133891213,30.543933054393307,34.9,46.0,0.0,0,Industrials,Capital Goods,13.561087866108785,15.456066945606693,MATERIAL_DIFFERENCE,MATERIAL_DIFFERENCE,ROE_AND_ROCE_DIFFERENCE
ABB,2017,19.971160778658977,28.69502523431867,34.9,46.0,0.0,0,Industrials,Capital Goods,14.928839221341022,17.30497476568133,MATERIAL_DIFFERENCE,MATERIAL_DIFFERENCE,ROE_AND_ROCE_DIFFERENCE
ABB,2018,23.685764914353218,31.010041346721795,34.9,46.0,0.0,0,Industrials,Capital Goods,11.21423508564678,14.989958653278205,MATERIAL_DIFFERENCE,MATERIAL_DIFFERENCE,ROE_AND_ROCE_DIFFERENCE
ABB,2019,22.410358565737052,30.12948207171315,34.9,46.0,0.0,0,Industrials,Capital Goods,12.489641434262946,15.870517928286851,MATERIAL_DIFFERENCE,MATERIAL_DIFFERENCE,ROE_AND_ROCE_DIFFERENCE
ABB,2020,24.39325380501851,29.04834996162701,34.9,46.0,0.07198683669271905,0,Industrials,Capital Goods,10.506746194981488,16.95165003837299,MATERIAL_DIFFERENCE,MATERIAL_DIFFERENCE,ROE_AND_ROCE_DIFFERENCE
ABB,2021,26.5564950038432,33.46642468239565,34.9,46.0,0.058800922367409685,0,Industrials,Capital Goods,8.343504996156799,12.533575317604353,MODERATE_DIFFERENCE,MATERIAL_DIFFERENCE,ROE_AND_ROCE_DIFFERENCE
ABB,2022,28.333333333333332,36.4064602960969,34.9,46.0,0.05390070921985816,0,Industrials,Capital Goods,6.566666666666666,9.593539703903097,MODERATE_DIFFERENCE,MODERATE_DIFFERENCE,ROE_AND_ROCE_DIFFERENCE
ABB,2023,29.767879548306148,36.53438352014541,34.9,46.0,0.03544542032622334,0,Industrials,Capital Goods,5.132120451693851,9.465616479854589,MODERATE_DIFFERENCE,MODERATE_DIFFERENCE,ROE_AND_ROCE_DIFFERENCE
ABB,2024,34.10962794660608,40.57525830773527,34.9,46.0,0.017040613462084634,0,Industrials,Capital Goods,0.7903720533939165,5.424741692264732,WITHIN_5_PERCENTAGE_POINTS,MODERATE_DIFFERENCE,ROCE_SOURCE_ANOMALY
ADANIENSOL,2014,0.0,0.0,8.59,9.0,0.0,0,Energy,Power & Utilities,8.59,9.0,MODERATE_DIFFERENCE,MODERATE_DIFFERENCE,ROE_AND_ROCE_DIFFERENCE
ADANIENSOL,2015,-0.6463527239150507,0.936572700296736,8.59,9.0,8.95752539242844,1,Energy,Power & Utilities,9.23635272391505,8.063427299703264,MODERATE_DIFFERENCE,MODERATE_DIFFERENCE,ROE_AND_ROCE_DIFFERENCE
ADANIENSOL,2016,13.77245508982036,17.118237541085545,8.59,9.0,3.2129491017964074,0,Energy,Power & Utilities,5.18245508982036,8.118237541085545,MODERATE_DIFFERENCE,MODERATE_DIFFERENCE,ROE_AND_ROCE_DIFFERENCE
ADANIENSOL,2017,14.116050220563285,16.633115249119275,8.59,9.0,3.045469969460468,0,Energy,Power & Utilities,5.526050220563285,7.633115249119275,MODERATE_DIFFERENCE,MODERATE_DIFFERENCE,ROE_AND_ROCE_DIFFERENCE
ADANIENSOL,2018,18.87072808320951,17.142857142857142,8.59,9.0,1.7216443784051512,0,Energy,Power & Utilities,10.28072808320951,8.142857142857142,MATERIAL_DIFFERENCE,MODERATE_DIFFERENCE,ROE_AND_ROCE_DIFFERENCE
ADANIENSOL,2021,14.46350487722839,10.967956905647803,8.59,9.0,3.0378966251821953,0,Energy,Power & Utilities,5.87350487722839,1.967956905647803,MODERATE_DIFFERENCE,WITHIN_5_PERCENTAGE_POINTS,ROE_SOURCE_ANOMALY
ADANIENT,2013,5.692652832305104,6.636319548540694,13.64,11.6,3.240418769863526,0,Industrials,Conglomerates,7.947347167694897,4.963680451459306,MODERATE_DIFFERENCE,WITHIN_5_PERCENTAGE_POINTS,ROE_SOURCE_ANOMALY
ADANIENT,2016,7.4749588877261175,5.174055980581928,13.64,11.6,1.4328748691882194,0,Industrials,Conglomerates,6.165041112273883,6.425944019418072,MODERATE_DIFFERENCE,MODERATE_DIFFERENCE,ROE_AND_ROCE_DIFFERENCE
ADANIENT,2017,6.543576683644596,5.437081927848608,13.64,11.6,1.4746745897000566,0,Industrials,Conglomerates,7.096423316355405,6.162918072151392,MODERATE_DIFFERENCE,MODERATE_DIFFERENCE,ROE_AND_ROCE_DIFFERENCE
ADANIENT,2018,3.936642587315263,6.227464401393387,13.64,11.6,1.1688647359003248,0,Industrials,Conglomerates,9.703357412684738,5.372535598606612,MODERATE_DIFFERENCE,MODERATE_DIFFERENCE,ROE_AND_ROCE_DIFFERENCE
ADANIENT,2019,3.429113580916238,7.57336820646948,13.64,11.6,0.7619273515857956,0,Industrials,Conglomerates,10.210886419083764,4.02663179353052,MATERIAL_DIFFERENCE,WITHIN_5_PERCENTAGE_POINTS,ROE_SOURCE_ANOMALY
ADANIENT,2020,6.136779370980115,7.811755090921474,13.64,11.6,0.7328140673865581,0,Industrials,Conglomerates,7.503220629019886,3.788244909078526,MODERATE_DIFFERENCE,WITHIN_5_PERCENTAGE_POINTS,ROE_SOURCE_ANOMALY
ADANIENT,2021,6.0959263360335685,7.506140298328641,13.64,11.6,0.9456844804475786,0,Industrials,Conglomerates,7.544073663966432,4.0938597016713585,MODERATE_DIFFERENCE,WITHIN_5_PERCENTAGE_POINTS,ROE_SOURCE_ANOMALY
ADANIENT,2022,3.5404591813811384,5.815756095269413,13.64,11.6,1.8692546165251382,0,Industrials,Conglomerates,10.099540818618863,5.7842439047305865,MATERIAL_DIFFERENCE,MODERATE_DIFFERENCE,ROE_AND_ROCE_DIFFERENCE
ADANIENT,2023,7.328068742246831,10.223649580874424,13.64,11.6,1.6096335965628876,0,Industrials,Conglomerates,6.311931257753169,1.3763504191255755,MODERATE_DIFFERENCE,WITHIN_5_PERCENTAGE_POINTS,ROE_SOURCE_ANOMALY
ADANIENT,2024,7.960187130036281,9.300785624943797,13.64,11.6,1.91968206988734,0,Industrials,Conglomerates,5.67981286996372,2.299214375056202,MODERATE_DIFFERENCE,WITHIN_5_PERCENTAGE_POINTS,ROE_SOURCE_ANOMALY
ADANIGREEN,2017,-3.906899418121363,7.261261261261261,14.7,96.5,3.6134663341645887,0,Energy,Renewable Energy,18.606899418121362,89.23873873873873,MATERIAL_DIFFERENCE,MATERIAL_DIFFERENCE,ROE_AND_ROCE_DIFFERENCE
ADANIGREEN,2018,-10.290827740492169,7.523427041499331,14.7,96.5,7.355704697986577,1,Energy,Renewable Energy,24.99082774049217,88.97657295850067,MATERIAL_DIFFERENCE,MATERIAL_DIFFERENCE,ROE_AND_ROCE_DIFFERENCE
ADANIGREEN,2019,-24.573202276254527,11.671128107074571,14.7,96.5,5.764097258147957,1,Energy,Renewable Energy,39.27320227625452,84.82887189292543,MATERIAL_DIFFERENCE,MATERIAL_DIFFERENCE,ROE_AND_ROCE_DIFFERENCE
ADANIGREEN,2020,-2.8850233347475602,8.418974626952332,14.7,96.5,6.307170131523122,1,Energy,Renewable Energy,17.58502333474756,88.08102537304767,MATERIAL_DIFFERENCE,MATERIAL_DIFFERENCE,ROE_AND_ROCE_DIFFERENCE
ADANIGREEN,2021,8.272727272727273,8.485743496535273,14.7,96.5,11.004090909090909,1,Energy,Renewable Energy,6.427272727272726,88.01425650346472,MODERATE_DIFFERENCE,MATERIAL_DIFFERENCE,ROE_AND_ROCE_DIFFERENCE
ADANIGREEN,2022,18.706962509563887,6.334090827111064,14.7,96.5,20.211170619739864,1,Energy,Renewable Energy,4.006962509563888,90.16590917288893,WITHIN_5_PERCENTAGE_POINTS,MATERIAL_DIFFERENCE,ROCE_SOURCE_ANOMALY
ADANIGREEN,2023,13.321467688937568,8.07775448177223,14.7,96.5,7.423740416210296,1,Energy,Renewable Energy,1.3785323110624308,88.42224551822777,WITHIN_5_PERCENTAGE_POINTS,MATERIAL_DIFFERENCE,ROCE_SOURCE_ANOMALY
ADANIGREEN,2024,11.913767019667171,9.381329641309643,14.7,96.5,6.375756429652042,1,Energy,Renewable Energy,2.7862329803328283,87.11867035869035,WITHIN_5_PERCENTAGE_POINTS,MATERIAL_DIFFERENCE,ROCE_SOURCE_ANOMALY
ADANIPORTS,2013,25.633406318423525,13.22304873986899,18.1,12.9,1.817328745699093,0,Industrials,Infrastructure,7.533406318423523,0.3230487398689892,MODERATE_DIFFERENCE,WITHIN_5_PERCENTAGE_POINTS,ROE_SOURCE_ANOMALY
ADANIPORTS,2022,11.843332297171278,10.615446321137306,18.1,12.9,1.1461944955883407,0,Industrials,Infrastructure,6.256667702828723,2.284553678862695,MODERATE_DIFFERENCE,WITHIN_5_PERCENTAGE_POINTS,ROE_SOURCE_ANOMALY
ADANIPORTS,2023,11.8773271056864,11.077380771682705,18.1,12.9,1.1772455881380952,0,Industrials,Infrastructure,6.222672894313602,1.8226192283172953,MODERATE_DIFFERENCE,WITHIN_5_PERCENTAGE_POINTS,ROE_SOURCE_ANOMALY
ADANIPOWER,2013,-53.459119496855344,2.0829717063009894,57.1,32.2,9.735616119263918,1,Energy,Power & Utilities,110.55911949685535,30.117028293699015,MATERIAL_DIFFERENCE,MATERIAL_DIFFERENCE,ROE_AND_ROCE_DIFFERENCE
ADANIPOWER,2014,-4.447501146263182,9.060422543546446,57.1,32.2,6.747669264863212,1,Energy,Power & Utilities,61.54750114626319,23.13957745645356,MATERIAL_DIFFERENCE,MATERIAL_DIFFERENCE,ROE_AND_ROCE_DIFFERENCE
ADANIPOWER,2015,-14.253275109170305,9.26942358372798,57.1,32.2,7.815196506550218,1,Energy,Power & Utilities,71.35327510917031,22.930576416272025,MATERIAL_DIFFERENCE,MATERIAL_DIFFERENCE,ROE_AND_ROCE_DIFFERENCE
ADANIPOWER,2016,7.378146759507231,14.621991129126036,57.1,32.2,7.06065881092662,1,Energy,Power & Utilities,49.72185324049277,17.578008870873965,MATERIAL_DIFFERENCE,MATERIAL_DIFFERENCE,ROE_AND_ROCE_DIFFERENCE
ADANIPOWER,2017,-205.79999999999998,10.77788191190253,57.1,32.2,17.494666666666667,1,Energy,Power & Utilities,262.9,21.422118088097474,MATERIAL_DIFFERENCE,MATERIAL_DIFFERENCE,ROE_AND_ROCE_DIFFERENCE
ADANIPOWER,2018,-236.55793025871765,10.118382845655573,57.1,32.2,59.43194600674916,1,Energy,Power & Utilities,293.65793025871767,22.08161715434443,MATERIAL_DIFFERENCE,MATERIAL_DIFFERENCE,ROE_AND_ROCE_DIFFERENCE
ADANIPOWER,2019,-12.759336099585061,9.11102172164119,57.1,32.2,6.091804979253112,1,Energy,Power & Utilities,69.85933609958506,23.088978278358812,MATERIAL_DIFFERENCE,MATERIAL_DIFFERENCE,ROE_AND_ROCE_DIFFERENCE
ADANIPOWER,2020,-35.102607622280516,9.296368352788587,57.1,32.2,8.517049837987965,1,Energy,Power & Utilities,92.20260762228051,22.903631647211416,MATERIAL_DIFFERENCE,MATERIAL_DIFFERENCE,ROE_AND_ROCE_DIFFERENCE
ADANIPOWER,2021,9.685045374818882,13.237445148707947,57.1,32.2,4.005109433386716,0,Energy,Power & Utilities,47.41495462518112,18.962554851292055,MATERIAL_DIFFERENCE,MATERIAL_DIFFERENCE,ROE_AND_ROCE_DIFFERENCE
ADANIPOWER,2022,26.613209080565635,14.61643146652466,57.1,32.2,2.662675407704394,0,Energy,Power & Utilities,30.486790919434366,17.583568533475344,MATERIAL_DIFFERENCE,MATERIAL_DIFFERENCE,ROE_AND_ROCE_DIFFERENCE
ADANIPOWER,2023,35.90507430713616,13.978345748068563,57.1,32.2,1.4175257731958764,0,Energy,Power & Utilities,21.19492569286384,18.22165425193144,MATERIAL_DIFFERENCE,MATERIAL_DIFFERENCE,ROE_AND_ROCE_DIFFERENCE
ADANIPOWER,2024,37.22522071701755,19.462091203194568,57.1,32.2,0.6738570969010258,0,Energy,Power & Utilities,19.874779282982452,12.737908796805435,MATERIAL_DIFFERENCE,MATERIAL_DIFFERENCE,ROE_AND_ROCE_DIFFERENCE
AMBUJACEM,2012,14.686825053995682,27.921418087388506,9.24,12.8,0.006820506991019666,0,Materials,Cement,5.446825053995681,15.121418087388506,MODERATE_DIFFERENCE,MATERIAL_DIFFERENCE,ROE_AND_ROCE_DIFFERENCE
AMBUJACEM,2014,14.766633565044687,19.1409342834521,9.24,12.8,0.0033763654419066533,0,Materials,Cement,5.526633565044687,6.3409342834521,MODERATE_DIFFERENCE,MODERATE_DIFFERENCE,ROE_AND_ROCE_DIFFERENCE
AMBUJACEM,2017,9.408862229102168,18.641283339775804,9.24,12.8,0.0011609907120743034,0,Materials,Cement,0.1688622291021673,5.841283339775803,WITHIN_5_PERCENTAGE_POINTS,MODERATE_DIFFERENCE,ROCE_SOURCE_ANOMALY
AMBUJACEM,2018,13.29012069736254,17.89825970548862,9.24,12.8,0.001788109074653554,0,Materials,Cement,4.050120697362539,5.098259705488619,WITHIN_5_PERCENTAGE_POINTS,MODERATE_DIFFERENCE,ROCE_SOURCE_ANOMALY
AMBUJACEM,2019,11.558268959215882,19.059662506737425,9.24,12.8,0.0017027992358169283,0,Materials,Cement,2.3182689592158816,6.259662506737424,WITHIN_5_PERCENTAGE_POINTS,MODERATE_DIFFERENCE,ROCE_SOURCE_ANOMALY
AMBUJACEM,2020,13.65294195192688,21.551575684518685,9.24,12.8,0.02069692841762974,0,Materials,Cement,4.41294195192688,8.751575684518684,WITHIN_5_PERCENTAGE_POINTS,MODERATE_DIFFERENCE,ROCE_SOURCE_ANOMALY
AMBUJACEM,2021,14.636743709079436,24.04088111184236,9.24,12.8,0.01881359943204228,0,Materials,Cement,5.396743709079436,11.24088111184236,MODERATE_DIFFERENCE,MATERIAL_DIFFERENCE,ROE_AND_ROCE_DIFFERENCE
APOLLOHOSP,2016,7.052821128451381,11.093091144988646,13.81,17.2,0.8505402160864346,0,Healthcare,Healthcare,6.75717887154862,6.106908855011353,MODERATE_DIFFERENCE,MODERATE_DIFFERENCE,ROE_AND_ROCE_DIFFERENCE
APOLLOHOSP,2017,3.952926976463488,11.399285603354558,13.81,17.2,0.9429692214846107,0,Healthcare,Healthcare,9.857073023536513,5.800714396645441,MODERATE_DIFFERENCE,MODERATE_DIFFERENCE,ROE_AND_ROCE_DIFFERENCE
APOLLOHOSP,2018,1.8450184501845017,11.992813295403504,13.81,17.2,1.0538130381303814,0,Healthcare,Healthcare,11.964981549815498,5.207186704596495,MATERIAL_DIFFERENCE,MODERATE_DIFFERENCE,ROE_AND_ROCE_DIFFERENCE
APOLLOHOSP,2019,5.9988002399520095,15.270443841872414,13.81,17.2,1.1016796640671866,0,Healthcare,Healthcare,7.811199760047991,1.9295561581275855,MODERATE_DIFFERENCE,WITHIN_5_PERCENTAGE_POINTS,ROE_SOURCE_ANOMALY
APOLLOHOSP,2020,12.934131736526947,22.93829296424452,13.81,17.2,1.0766467065868264,0,Healthcare,Healthcare,0.8758682634730537,5.738292964244522,WITHIN_5_PERCENTAGE_POINTS,MODERATE_DIFFERENCE,ROCE_SOURCE_ANOMALY
APOLLOHOSP,2021,2.976319791440365,13.009243409791168,13.81,17.2,0.9037584184227677,0,Healthcare,Healthcare,10.833680208559635,4.1907565902088315,MATERIAL_DIFFERENCE,WITHIN_5_PERCENTAGE_POINTS,ROE_SOURCE_ANOMALY
APOLLOHOSP,2022,19.704783923172684,22.587968217934165,13.81,17.2,0.723457229237062,0,Healthcare,Healthcare,5.8947839231726835,5.387968217934166,MODERATE_DIFFERENCE,MODERATE_DIFFERENCE,ROE_AND_ROCE_DIFFERENCE
ASIANPAINT,2013,34.2789598108747,47.785419532324624,31.45,41.75,0.0741725768321513,0,Materials,Paints & Coatings,2.8289598108747036,6.0354195323246245,WITHIN_5_PERCENTAGE_POINTS,MODERATE_DIFFERENCE,ROCE_SOURCE_ANOMALY
ASIANPAINT,2017,26.512361914781696,36.67319941205292,31.45,41.75,0.07364544976328248,0,Materials,Paints & Coatings,4.937638085218303,5.076800587947083,WITHIN_5_PERCENTAGE_POINTS,MODERATE_DIFFERENCE,ROCE_SOURCE_ANOMALY
ASIANPAINT,2018,24.94649227110583,35.826903723582696,31.45,41.75,0.0633769322235434,0,Materials,Paints & Coatings,6.503507728894171,5.923096276417304,MODERATE_DIFFERENCE,MODERATE_DIFFERENCE,ROE_AND_ROCE_DIFFERENCE
ASIANPAINT,2019,23.3132720937599,34.89018626633305,31.45,41.75,0.13937282229965156,0,Materials,Paints & Coatings,8.1367279062401,6.859813733666947,MODERATE_DIFFERENCE,MODERATE_DIFFERENCE,ROE_AND_ROCE_DIFFERENCE
ASIANPAINT,2021,25.042948617835393,34.93776530685661,31.45,41.75,0.0853506168983289,0,Materials,Paints & Coatings,6.407051382164607,6.812234693143388,MODERATE_DIFFERENCE,MODERATE_DIFFERENCE,ROE_AND_ROCE_DIFFERENCE
ASIANPAINT,2022,22.335650159281784,31.19683096304955,31.45,41.75,0.11490008688097307,0,Materials,Paints & Coatings,9.114349840718216,10.55316903695045,MODERATE_DIFFERENCE,MATERIAL_DIFFERENCE,ROE_AND_ROCE_DIFFERENCE
ASIANPAINT,2023,26.231865932966482,34.92329149232915,31.45,41.75,0.12087293646823412,0,Materials,Paints & Coatings,5.2181340670335175,6.826708507670851,MODERATE_DIFFERENCE,MODERATE_DIFFERENCE,ROE_AND_ROCE_DIFFERENCE
ATGL,2018,15.94488188976378,15.501905972045742,20.5,21.2,1.3238188976377954,0,Energy,Gas Distribution,4.55511811023622,5.698094027954257,WITHIN_5_PERCENTAGE_POINTS,MODERATE_DIFFERENCE,ROCE_SOURCE_ANOMALY
ATGL,2019,20.780399274047188,30.414438502673796,20.5,21.2,0.35753176043557167,0,Energy,Gas Distribution,0.2803992740471877,9.214438502673797,WITHIN_5_PERCENTAGE_POINTS,MODERATE_DIFFERENCE,ROCE_SOURCE_ANOMALY
ATGL,2020,29.63970088375255,31.332280147446024,20.5,21.2,0.2909585316111489,0,Energy,Gas Distribution,9.13970088375255,10.132280147446025,MODERATE_DIFFERENCE,MATERIAL_DIFFERENCE,ROE_AND_ROCE_DIFFERENCE
ATGL,2021,23.94002068252327,28.583028826634187,20.5,21.2,0.27352637021716647,0,Energy,Gas Distribution,3.4400206825232686,7.383028826634188,WITHIN_5_PERCENTAGE_POINTS,MODERATE_DIFFERENCE,ROCE_SOURCE_ANOMALY
AXISBANK,2017,6.525363604114934,4.077990192132123,18.4,7.06,9.355037247250799,0,Financials,Private Banks,11.874636395885066,2.9820098078678763,MATERIAL_DIFFERENCE,WITHIN_5_PERCENTAGE_POINTS,ROE_SOURCE_ANOMALY
AXISBANK,2018,0.42985967262136526,4.276736448244015,18.4,7.06,9.522715591757908,0,Financials,Private Banks,17.970140327378633,2.7832635517559847,MATERIAL_DIFFERENCE,WITHIN_5_PERCENTAGE_POINTS,ROE_SOURCE_ANOMALY
AXISBANK,2019,6.898026606884752,3.482312085950464,18.4,7.06,10.501106162060116,0,Financials,Private Banks,11.501973393115247,3.5776879140495357,MATERIAL_DIFFERENCE,WITHIN_5_PERCENTAGE_POINTS,ROE_SOURCE_ANOMALY
AXISBANK,2020,1.8844104702339586,3.9681919977548357,18.4,7.06,9.234850590687978,0,Financials,Private Banks,16.51558952976604,3.091808002245164,MATERIAL_DIFFERENCE,WITHIN_5_PERCENTAGE_POINTS,ROE_SOURCE_ANOMALY
AXISBANK,2021,6.359441666505782,3.3274816720729032,18.4,7.06,8.210427244821128,0,Financials,Private Banks,12.040558333494218,3.7325183279270964,MATERIAL_DIFFERENCE,WITHIN_5_PERCENTAGE_POINTS,ROE_SOURCE_ANOMALY
AXISBANK,2022,11.01377461716035,2.630082057296147,18.4,7.06,8.632964375406939,0,Financials,Private Banks,7.386225382839649,4.429917942703852,MODERATE_DIFFERENCE,WITHIN_5_PERCENTAGE_POINTS,ROE_SOURCE_ANOMALY
AXISBANK,2023,7.381666037401469,2.2693531614057836,18.4,7.06,8.876784737365254,0,Financials,Private Banks,11.018333962598529,4.790646838594216,MATERIAL_DIFFERENCE,WITHIN_5_PERCENTAGE_POINTS,ROE_SOURCE_ANOMALY
BAJAJAUTO,2013,38.84686918784873,44.688913335778025,26.5,33.5,0.014383137011779294,0,Consumer Discretionary,Two Wheelers,12.346869187848732,11.188913335778025,MATERIAL_DIFFERENCE,MATERIAL_DIFFERENCE,ROE_AND_ROCE_DIFFERENCE
BAJAJAUTO,2014,33.24481164551982,40.70995501662429,26.5,33.5,0.0058030884233303826,0,Consumer Discretionary,Two Wheelers,6.7448116455198175,7.209955016624292,MODERATE_DIFFERENCE,MODERATE_DIFFERENCE,ROE_AND_ROCE_DIFFERENCE
BAJAJAUTO,2017,22.843862007168457,24.638406764574988,26.5,33.5,0.006720430107526882,0,Consumer Discretionary,Two Wheelers,3.6561379928315425,8.861593235425012,WITHIN_5_PERCENTAGE_POINTS,MODERATE_DIFFERENCE,ROCE_SOURCE_ANOMALY
BAJAJAUTO,2018,20.656058751529986,23.586099484084492,26.5,33.5,0.005924112607099143,0,Consumer Discretionary,Two Wheelers,5.8439412484700135,9.913900515915508,MODERATE_DIFFERENCE,MODERATE_DIFFERENCE,ROE_AND_ROCE_DIFFERENCE
BAJAJAUTO,2019,21.211208195239532,22.25361760424694,26.5,33.5,0.005380278052769767,0,Consumer Discretionary,Two Wheelers,5.288791804760468,11.24638239575306,MODERATE_DIFFERENCE,MATERIAL_DIFFERENCE,ROE_AND_ROCE_DIFFERENCE
BAJAJAUTO,2020,24.06056689133044,23.448687350835325,26.5,33.5,0.005816637429600221,0,Consumer Discretionary,Two Wheelers,2.4394331086695615,10.051312649164675,WITHIN_5_PERCENTAGE_POINTS,MATERIAL_DIFFERENCE,ROCE_SOURCE_ANOMALY
BAJAJAUTO,2021,17.808821911780882,18.025845075563993,26.5,33.5,0.0044366223004436624,0,Consumer Discretionary,Two Wheelers,8.691178088219118,15.474154924436007,MODERATE_DIFFERENCE,MATERIAL_DIFFERENCE,ROE_AND_ROCE_DIFFERENCE
BAJAJAUTO,2022,20.650390167118793,17.540524314588755,26.5,33.5,0.004119360996684417,0,Consumer Discretionary,Two Wheelers,5.849609832881207,15.959475685411245,MODERATE_DIFFERENCE,MATERIAL_DIFFERENCE,ROE_AND_ROCE_DIFFERENCE
BAJAJAUTO,2023,20.638921054424088,21.925659635081054,26.5,33.5,0.004223145562291397,0,Consumer Discretionary,Two Wheelers,5.861078945575912,11.574340364918946,MODERATE_DIFFERENCE,MATERIAL_DIFFERENCE,ROE_AND_ROCE_DIFFERENCE
BAJAJAUTO,2024,24.881371251492947,24.196665194346288,26.5,33.5,0.16930824106652895,0,Consumer Discretionary,Two Wheelers,1.618628748507053,9.303334805653712,WITHIN_5_PERCENTAGE_POINTS,MODERATE_DIFFERENCE,ROCE_SOURCE_ANOMALY
BAJAJFINSV,2013,28.377339143809277,18.905400856057327,11.72,21.14,1.6650858754165598,0,Financials,Diversified Financials,16.657339143809274,2.234599143942674,MATERIAL_DIFFERENCE,WITHIN_5_PERCENTAGE_POINTS,ROE_SOURCE_ANOMALY
BAJAJFINSV,2014,23.528780068728523,15.583469239043687,11.72,21.14,2.0948238831615122,0,Financials,Diversified Financials,11.808780068728522,5.5565307609563135,MATERIAL_DIFFERENCE,MODERATE_DIFFERENCE,ROE_AND_ROCE_DIFFERENCE
BAJAJFINSV,2015,21.724231220128054,14.734900136359991,11.72,21.14,2.372801875732708,0,Financials,Diversified Financials,10.004231220128053,6.405099863640009,MATERIAL_DIFFERENCE,MODERATE_DIFFERENCE,ROE_AND_ROCE_DIFFERENCE
BAJAJFINSV,2016,20.405912199426428,13.570004631400897,11.72,21.14,2.651812633281859,0,Financials,Diversified Financials,8.685912199426427,7.569995368599104,MODERATE_DIFFERENCE,MODERATE_DIFFERENCE,ROE_AND_ROCE_DIFFERENCE
BAJAJFINSV,2017,21.360906445421335,13.522573836388185,11.72,21.14,2.989412420283574,0,Financials,Diversified Financials,9.640906445421335,7.617426163611816,MODERATE_DIFFERENCE,MODERATE_DIFFERENCE,ROE_AND_ROCE_DIFFERENCE
BAJAJFINSV,2018,20.387638529512277,12.518276126157488,11.72,21.14,3.2072938534394377,0,Financials,Diversified Financials,8.667638529512276,8.621723873842512,MODERATE_DIFFERENCE,MODERATE_DIFFERENCE,ROE_AND_ROCE_DIFFERENCE
BAJAJFINSV,2019,22.636899747262003,12.176300063160964,11.72,21.14,4.201937657961246,0,Financials,Diversified Financials,10.916899747262002,8.963699936839037,MATERIAL_DIFFERENCE,MODERATE_DIFFERENCE,ROE_AND_ROCE_DIFFERENCE
BAJAJFINSV,2020,19.148936170212767,11.518225519512471,11.72,21.14,4.0640214682767875,0,Financials,Diversified Financials,7.428936170212767,9.62177448048753,MODERATE_DIFFERENCE,MODERATE_DIFFERENCE,ROE_AND_ROCE_DIFFERENCE
BAJAJFINSV,2021,20.56098241696902,11.955006665002953,11.72,21.14,3.585291655037678,0,Financials,Diversified Financials,8.840982416969018,9.184993334997047,MODERATE_DIFFERENCE,MODERATE_DIFFERENCE,ROE_AND_ROCE_DIFFERENCE
BAJAJFINSV,2022,20.657440306109773,10.651554417006743,11.72,21.14,4.004745695331329,0,Financials,Diversified Financials,8.937440306109773,10.488445582993258,MODERATE_DIFFERENCE,MATERIAL_DIFFERENCE,ROE_AND_ROCE_DIFFERENCE
BAJAJFINSV,2023,26.310685887904846,11.546669140842457,11.72,21.14,4.573986683043507,0,Financials,Diversified Financials,14.590685887904845,9.593330859157543,MATERIAL_DIFFERENCE,MODERATE_DIFFERENCE,ROE_AND_ROCE_DIFFERENCE
BAJAJFINSV,2024,22.824734723746797,10.56485788113695,11.72,21.14,4.66410537870472,0,Financials,Diversified Financials,11.104734723746796,10.57514211886305,MATERIAL_DIFFERENCE,MATERIAL_DIFFERENCE,ROE_AND_ROCE_DIFFERENCE
BAJAJHLDNG,2013,17.941034316094733,3.112614789753504,14.8,13.1,0.0,0,Financials,Holding Companies,3.141034316094732,9.987385210246496,WITHIN_5_PERCENTAGE_POINTS,MODERATE_DIFFERENCE,ROCE_SOURCE_ANOMALY
BAJAJHLDNG,2014,16.56804733727811,3.3336111342611883,14.8,13.1,0.0,0,Financials,Holding Companies,1.7680473372781087,9.766388865738811,WITHIN_5_PERCENTAGE_POINTS,MODERATE_DIFFERENCE,ROCE_SOURCE_ANOMALY
BAJAJHLDNG,2015,15.149705069812589,3.6138281191667287,14.8,13.1,0.0,0,Financials,Holding Companies,0.34970506981258787,9.486171880833272,WITHIN_5_PERCENTAGE_POINTS,MODERATE_DIFFERENCE,ROCE_SOURCE_ANOMALY
BAJAJHLDNG,2016,14.810697704832275,2.805204995749689,14.8,13.1,0.0,0,Financials,Holding Companies,0.010697704832274724,10.294795004250311,WITHIN_5_PERCENTAGE_POINTS,MATERIAL_DIFFERENCE,ROCE_SOURCE_ANOMALY
BAJAJHLDNG,2017,13.879223257380177,3.5245257604669433,14.8,13.1,0.0,0,Financials,Holding Companies,0.9207767426198235,9.575474239533056,WITHIN_5_PERCENTAGE_POINTS,MODERATE_DIFFERENCE,ROCE_SOURCE_ANOMALY
BAJAJHLDNG,2018,10.535296218404032,1.408674258957978,14.8,13.1,0.0,0,Financials,Holding Companies,4.264703781595969,11.691325741042021,WITHIN_5_PERCENTAGE_POINTS,MATERIAL_DIFFERENCE,ROCE_SOURCE_ANOMALY
BAJAJHLDNG,2019,11.308993766696348,1.2874740279014545,14.8,13.1,0.0,0,Financials,Holding Companies,3.4910062333036525,11.812525972098545,WITHIN_5_PERCENTAGE_POINTS,MATERIAL_DIFFERENCE,ROCE_SOURCE_ANOMALY
BAJAJHLDNG,2020,11.093901955840508,1.0776556514267301,14.8,13.1,0.006051219248640277,0,Financials,Holding Companies,3.706098044159493,12.02234434857327,WITHIN_5_PERCENTAGE_POINTS,MATERIAL_DIFFERENCE,ROCE_SOURCE_ANOMALY
BAJAJHLDNG,2021,9.831301961417386,0.9436238372248881,14.8,13.1,0.0036591600075335648,0,Financials,Holding Companies,4.968698038582614,12.156376162775112,WITHIN_5_PERCENTAGE_POINTS,MATERIAL_DIFFERENCE,ROCE_SOURCE_ANOMALY
BAJAJHLDNG,2022,9.630736193455022,0.8543626035943757,14.8,13.1,0.0026609401988702676,0,Financials,Holding Companies,5.169263806544979,12.245637396405623,MODERATE_DIFFERENCE,MATERIAL_DIFFERENCE,ROE_AND_ROCE_DIFFERENCE
BAJAJHLDNG,2023,11.194604137431535,0.8582721626199887,14.8,13.1,0.0021049296093431716,0,Financials,Holding Companies,3.605395862568466,12.241727837380012,WITHIN_5_PERCENTAGE_POINTS,MATERIAL_DIFFERENCE,ROCE_SOURCE_ANOMALY
BAJAJHLDNG,2024,12.311318389248282,2.6089861366293636,14.8,13.1,0.0007856510037945271,0,Financials,Holding Companies,2.488681610751719,10.491013863370636,WITHIN_5_PERCENTAGE_POINTS,MATERIAL_DIFFERENCE,ROCE_SOURCE_ANOMALY
BAJFINANCE,2015,18.708333333333332,5.569861707200763,22.1,11.9,5.553125,0,Financials,Consumer Finance,3.3916666666666693,6.330138292799237,WITHIN_5_PERCENTAGE_POINTS,MODERATE_DIFFERENCE,ROCE_SOURCE_ANOMALY
BAJFINANCE,2016,17.220950585700823,5.295599748042832,22.1,11.9,4.985189174633096,0,Financials,Consumer Finance,4.879049414299178,6.604400251957168,WITHIN_5_PERCENTAGE_POINTS,MODERATE_DIFFERENCE,ROCE_SOURCE_ANOMALY
BAJFINANCE,2017,19.125,5.52251486830926,22.1,11.9,5.130208333333333,0,Financials,Consumer Finance,2.9750000000000014,6.37748513169074,WITHIN_5_PERCENTAGE_POINTS,MODERATE_DIFFERENCE,ROCE_SOURCE_ANOMALY
BAJFINANCE,2018,15.749621403331652,4.993629027364845,22.1,11.9,4.1997097425542655,0,Financials,Consumer Finance,6.3503785966683495,6.906370972635155,MODERATE_DIFFERENCE,MODERATE_DIFFERENCE,ROE_AND_ROCE_DIFFERENCE
BAJFINANCE,2019,20.2822764888054,4.496846271179454,22.1,11.9,5.1575366807127985,0,Financials,Consumer Finance,1.8177235111946004,7.403153728820547,WITHIN_5_PERCENTAGE_POINTS,MODERATE_DIFFERENCE,ROCE_SOURCE_ANOMALY
BAJFINANCE,2020,16.283098243009157,5.649031048392071,22.1,11.9,4.015280871071517,0,Financials,Consumer Finance,5.816901756990845,6.25096895160793,MODERATE_DIFFERENCE,MODERATE_DIFFERENCE,ROE_AND_ROCE_DIFFERENCE
BAJFINANCE,2021,11.972479549271359,6.43065641463762,22.1,11.9,3.5655777669429547,0,Financials,Consumer Finance,10.127520450728642,5.46934358536238,MATERIAL_DIFFERENCE,MODERATE_DIFFERENCE,ROE_AND_ROCE_DIFFERENCE
BAJFINANCE,2022,16.07759705350811,5.685706764938141,22.1,11.9,3.779928167821929,0,Financials,Consumer Finance,6.022402946491891,6.214293235061859,MODERATE_DIFFERENCE,MODERATE_DIFFERENCE,ROE_AND_ROCE_DIFFERENCE
BAJFINANCE,2023,21.16530567203708,4.682692520530359,22.1,11.9,3.985323328183624,0,Financials,Consumer Finance,0.934694327962923,7.217307479469642,WITHIN_5_PERCENTAGE_POINTS,MODERATE_DIFFERENCE,ROCE_SOURCE_ANOMALY
BAJFINANCE,2024,16.648042118359964,3.916831500093669,22.1,11.9,3.7351013213829014,0,Financials,Consumer Finance,5.451957881640038,7.9831684999063315,MODERATE_DIFFERENCE,MODERATE_DIFFERENCE,ROE_AND_ROCE_DIFFERENCE
BANKBARODA,2015,9.400733019182256,1.903318864566976,16.7,6.33,15.838045599504975,0,Financials,Public Sector Banks,7.299266980817743,4.426681135433024,MODERATE_DIFFERENCE,WITHIN_5_PERCENTAGE_POINTS,ROE_SOURCE_ANOMALY
BANKBARODA,2016,-11.841517069383338,3.8294881598216692,16.7,6.33,14.599816483542337,0,Financials,Public Sector Banks,28.54151706938334,2.500511840178331,MATERIAL_DIFFERENCE,WITHIN_5_PERCENTAGE_POINTS,ROE_SOURCE_ANOMALY
BANKBARODA,2017,4.307242204007709,2.7835376522269746,16.7,6.33,15.057909768500243,0,Financials,Public Sector Banks,12.39275779599229,3.5464623477730255,MATERIAL_DIFFERENCE,WITHIN_5_PERCENTAGE_POINTS,ROE_SOURCE_ANOMALY
BANKBARODA,2018,-3.9427908774642444,3.6296890845026337,16.7,6.33,14.437808701627796,0,Financials,Public Sector Banks,20.642790877464243,2.7003109154973663,MATERIAL_DIFFERENCE,WITHIN_5_PERCENTAGE_POINTS,ROE_SOURCE_ANOMALY
BANKBARODA,2019,2.1201541930322207,3.269989815720272,16.7,6.33,13.354716706669576,0,Financials,Public Sector Banks,14.579845806967779,3.060010184279728,MATERIAL_DIFFERENCE,WITHIN_5_PERCENTAGE_POINTS,ROE_SOURCE_ANOMALY
BANKBARODA,2020,1.2890255439924314,3.5441037128248123,16.7,6.33,14.046318196152633,0,Financials,Public Sector Banks,15.410974456007567,2.785896287175188,MATERIAL_DIFFERENCE,WITHIN_5_PERCENTAGE_POINTS,ROE_SOURCE_ANOMALY
BANKBARODA,2021,1.9662580410243962,3.3116932260345884,16.7,6.33,12.95270057045758,0,Financials,Public Sector Banks,14.733741958975603,3.0183067739654117,MATERIAL_DIFFERENCE,WITHIN_5_PERCENTAGE_POINTS,ROE_SOURCE_ANOMALY
BANKBARODA,2022,8.635121749447583,2.9375195740682742,16.7,6.33,12.902404510770772,0,Financials,Public Sector Banks,8.064878250552416,3.392480425931726,MODERATE_DIFFERENCE,WITHIN_5_PERCENTAGE_POINTS,ROE_SOURCE_ANOMALY
BEL,2013,15183.333333333334,2230.0,26.3,34.6,4.0,0,Industrials,Defence Electronics,15157.033333333335,2195.4,MATERIAL_DIFFERENCE,MATERIAL_DIFFERENCE,ROE_AND_ROCE_DIFFERENCE
BEL,2014,13600.0,3303.5714285714284,26.3,34.6,3.0,0,Industrials,Defence Electronics,13573.7,3268.9714285714285,MATERIAL_DIFFERENCE,MATERIAL_DIFFERENCE,ROE_AND_ROCE_DIFFERENCE
BEL,2015,17100.0,3572.7272727272725,26.3,34.6,3.7142857142857144,0,Industrials,Defence Electronics,17073.7,3538.1272727272726,MATERIAL_DIFFERENCE,MATERIAL_DIFFERENCE,ROE_AND_ROCE_DIFFERENCE
BEL,2016,11141.666666666668,3764.8648648648646,26.3,34.6,2.0833333333333335,0,Industrials,Defence Electronics,11115.366666666669,3730.2648648648646,MATERIAL_DIFFERENCE,MATERIAL_DIFFERENCE,ROE_AND_ROCE_DIFFERENCE
BEL,2017,10153.333333333334,4072.7272727272725,26.3,34.6,1.9333333333333333,0,Industrials,Defence Electronics,10127.033333333335,4038.1272727272726,MATERIAL_DIFFERENCE,MATERIAL_DIFFERENCE,ROE_AND_ROCE_DIFFERENCE
BEL,2018,4616.129032258064,2581.012658227848,26.3,34.6,1.5483870967741935,0,Industrials,Defence Electronics,4589.829032258064,2546.412658227848,MATERIAL_DIFFERENCE,MATERIAL_DIFFERENCE,ROE_AND_ROCE_DIFFERENCE
BEL,2019,3851.020408163265,3030.208333333333,26.3,34.6,0.9591836734693877,0,Industrials,Defence Electronics,3824.720408163265,2995.608333333333,MATERIAL_DIFFERENCE,MATERIAL_DIFFERENCE,ROE_AND_ROCE_DIFFERENCE
BEL,2020,3318.181818181818,2786.868686868687,26.3,34.6,0.8,0,Industrials,Defence Electronics,3291.881818181818,2752.268686868687,MATERIAL_DIFFERENCE,MATERIAL_DIFFERENCE,ROE_AND_ROCE_DIFFERENCE
BEL,2021,3559.322033898305,2975.925925925926,26.3,34.6,0.8305084745762712,0,Industrials,Defence Electronics,3533.022033898305,2941.325925925926,MATERIAL_DIFFERENCE,MATERIAL_DIFFERENCE,ROE_AND_ROCE_DIFFERENCE
BEL,2022,3478.260869565217,2633.070866141732,26.3,34.6,0.8405797101449275,0,Industrials,Defence Electronics,3451.960869565217,2598.470866141732,MATERIAL_DIFFERENCE,MATERIAL_DIFFERENCE,ROE_AND_ROCE_DIFFERENCE
BEL,2023,3981.333333333333,3587.7192982456136,26.3,34.6,0.52,0,Industrials,Defence Electronics,3955.033333333333,3553.1192982456137,MATERIAL_DIFFERENCE,MATERIAL_DIFFERENCE,ROE_AND_ROCE_DIFFERENCE
BEL,2024,4379.120879120879,2988.757396449704,26.3,34.6,0.8571428571428571,0,Industrials,Defence Electronics,4352.820879120879,2954.1573964497043,MATERIAL_DIFFERENCE,MATERIAL_DIFFERENCE,ROE_AND_ROCE_DIFFERENCE
BHARTIARTL,2013,4.50498787806526,19.61420834116421,14.9,13.1,1.326179404634156,0,Communication Services,Telecommunications,10.395012121934741,6.5142083411642115,MATERIAL_DIFFERENCE,MODERATE_DIFFERENCE,ROE_AND_ROCE_DIFFERENCE
BHARTIARTL,2014,5.05221233014258,19.544127620676438,14.9,13.1,1.2700984001606532,0,Communication Services,Telecommunications,9.847787669857421,6.444127620676438,MODERATE_DIFFERENCE,MODERATE_DIFFERENCE,ROE_AND_ROCE_DIFFERENCE
BHARTIARTL,2015,12.690750936470824,27.276121826092602,14.9,13.1,2.097066143751414,0,Communication Services,Telecommunications,2.2092490635291764,14.176121826092603,WITHIN_5_PERCENTAGE_POINTS,MATERIAL_DIFFERENCE,ROCE_SOURCE_ANOMALY
BHARTIARTL,2016,10.323498577205331,20.299135088641467,14.9,13.1,1.5073536019170286,0,Communication Services,Telecommunications,4.576501422794669,7.199135088641468,WITHIN_5_PERCENTAGE_POINTS,MODERATE_DIFFERENCE,ROCE_SOURCE_ANOMALY
BHARTIARTL,2017,6.286967994426079,20.21803198947037,14.9,13.1,1.5904650369865247,0,Communication Services,Telecommunications,8.61303200557392,7.118031989470369,MODERATE_DIFFERENCE,MODERATE_DIFFERENCE,ROE_AND_ROCE_DIFFERENCE
BHARTIARTL,2018,3.1408643129359315,16.630268315742335,14.9,13.1,1.60112173725462,0,Communication Services,Telecommunications,11.759135687064068,3.530268315742335,MATERIAL_DIFFERENCE,WITHIN_5_PERCENTAGE_POINTS,ROE_SOURCE_ANOMALY
BHARTIARTL,2019,2.3633843439788302,13.088071688739197,14.9,13.1,1.7561289780602887,0,Communication Services,Telecommunications,12.53661565602117,0.01192831126080307,MATERIAL_DIFFERENCE,WITHIN_5_PERCENTAGE_POINTS,ROE_SOURCE_ANOMALY
BHARTIARTL,2020,-39.748525503921186,16.244181867393166,14.9,13.1,1.9214207012768163,0,Communication Services,Telecommunications,54.648525503921185,3.1441818673931667,MATERIAL_DIFFERENCE,WITHIN_5_PERCENTAGE_POINTS,ROE_SOURCE_ANOMALY
BHARTIARTL,2021,-20.972639221074417,20.420045278662204,14.9,13.1,2.7612674503417978,0,Communication Services,Telecommunications,35.872639221074415,7.320045278662205,MATERIAL_DIFFERENCE,MODERATE_DIFFERENCE,ROE_AND_ROCE_DIFFERENCE
BHARTIARTL,2022,12.478588815097515,24.354871482271665,14.9,13.1,2.5494786188658836,0,Communication Services,Telecommunications,2.4214111849024853,11.254871482271666,WITHIN_5_PERCENTAGE_POINTS,MATERIAL_DIFFERENCE,ROCE_SOURCE_ANOMALY
BHARTIARTL,2023,15.84131609143535,23.477599206806705,14.9,13.1,2.914018281912768,0,Communication Services,Telecommunications,0.9413160914353504,10.377599206806705,WITHIN_5_PERCENTAGE_POINTS,MATERIAL_DIFFERENCE,ROCE_SOURCE_ANOMALY
BHARTIARTL,2024,9.825713564031322,25.042301184433164,14.9,13.1,2.5895083698822017,0,Communication Services,Telecommunications,5.074286435968679,11.942301184433164,MODERATE_DIFFERENCE,MATERIAL_DIFFERENCE,ROE_AND_ROCE_DIFFERENCE
BHEL,2013,21.90906412648532,28.522874244292716,1.05,3.28,0.08831712985695113,0,Industrials,Capital Goods,20.85906412648532,25.242874244292715,MATERIAL_DIFFERENCE,MATERIAL_DIFFERENCE,ROE_AND_ROCE_DIFFERENCE
BHEL,2014,10.557414609146544,12.093281216987112,1.05,3.28,0.14147900274336017,0,Industrials,Capital Goods,9.507414609146544,8.813281216987113,MODERATE_DIFFERENCE,MODERATE_DIFFERENCE,ROE_AND_ROCE_DIFFERENCE
BHEL,2016,-2.1847439269689,-4.172046977802373,1.05,3.28,0.006529475475785239,0,Industrials,Capital Goods,3.2347439269689,7.4520469778023735,WITHIN_5_PERCENTAGE_POINTS,MODERATE_DIFFERENCE,ROCE_SOURCE_ANOMALY
BHEL,2020,-5.12212142358688,-0.3941908713692946,1.05,3.28,0.17725052337752967,0,Industrials,Capital Goods,6.17212142358688,3.6741908713692943,MODERATE_DIFFERENCE,WITHIN_5_PERCENTAGE_POINTS,ROE_SOURCE_ANOMALY
BHEL,2021,-10.391409767925182,-9.856468610590289,1.05,3.28,0.1905476657814725,0,Industrials,Capital Goods,11.441409767925183,13.136468610590288,MATERIAL_DIFFERENCE,MATERIAL_DIFFERENCE,ROE_AND_ROCE_DIFFERENCE
BOSCHLTD,2015,18.211514904042467,26.562080986859748,16.0,20.6,0.015108207431604737,0,Consumer Discretionary,Auto Ancillaries,2.211514904042467,5.962080986859746,WITHIN_5_PERCENTAGE_POINTS,MODERATE_DIFFERENCE,ROCE_SOURCE_ANOMALY
BOSCHLTD,2020,7.011866235167206,15.871147260273974,16.0,20.6,0.007982740021574973,0,Consumer Discretionary,Auto Ancillaries,8.988133764832794,4.728852739726028,MODERATE_DIFFERENCE,WITHIN_5_PERCENTAGE_POINTS,ROE_SOURCE_ANOMALY
BOSCHLTD,2021,4.9068512674335745,11.774830414093348,16.0,20.6,0.005497302249821846,0,Consumer Discretionary,Auto Ancillaries,11.093148732566426,8.825169585906654,MATERIAL_DIFFERENCE,MODERATE_DIFFERENCE,ROE_AND_ROCE_DIFFERENCE
BOSCHLTD,2022,11.386601796407184,13.58609794628752,16.0,20.6,0.0068300898203592815,0,Consumer Discretionary,Auto Ancillaries,4.613398203592816,7.013902053712481,WITHIN_5_PERCENTAGE_POINTS,MODERATE_DIFFERENCE,ROCE_SOURCE_ANOMALY
BPCL,2013,11.540983606557377,13.436273331731154,41.9,32.1,1.9765722801788375,0,Energy,Oil & Gas Refining,30.359016393442623,18.663726668268847,MATERIAL_DIFFERENCE,MATERIAL_DIFFERENCE,ROE_AND_ROCE_DIFFERENCE
BPCL,2014,20.848765432098766,17.90006084575601,41.9,32.1,1.705349794238683,0,Energy,Oil & Gas Refining,21.051234567901233,14.199939154243992,MATERIAL_DIFFERENCE,MATERIAL_DIFFERENCE,ROE_AND_ROCE_DIFFERENCE
BPCL,2015,22.524598883077743,20.352103883131477,41.9,32.1,1.1298643737257335,0,Energy,Oil & Gas Refining,19.375401116922255,11.747896116868525,MATERIAL_DIFFERENCE,MATERIAL_DIFFERENCE,ROE_AND_ROCE_DIFFERENCE
BPCL,2016,29.103403612290425,25.342893986167013,41.9,32.1,0.8414765776786357,0,Energy,Oil & Gas Refining,12.796596387709574,6.757106013832988,MATERIAL_DIFFERENCE,MODERATE_DIFFERENCE,ROE_AND_ROCE_DIFFERENCE
BPCL,2017,30.847853596807163,20.712611204616493,41.9,32.1,1.1591875141957884,0,Energy,Oil & Gas Refining,11.052146403192836,11.387388795383508,MATERIAL_DIFFERENCE,MATERIAL_DIFFERENCE,ROE_AND_ROCE_DIFFERENCE
BPCL,2018,26.740216827330077,20.62117989175799,41.9,32.1,1.0284005570878505,0,Energy,Oil & Gas Refining,15.159783172669922,11.478820108242012,MATERIAL_DIFFERENCE,MATERIAL_DIFFERENCE,ROE_AND_ROCE_DIFFERENCE
BPCL,2019,21.999226106023475,18.075690158365628,41.9,32.1,1.1566877337804722,0,Energy,Oil & Gas Refining,19.900773893976524,14.024309841634373,MATERIAL_DIFFERENCE,MATERIAL_DIFFERENCE,ROE_AND_ROCE_DIFFERENCE
BPCL,2020,10.035037775101282,8.798329542780959,41.9,32.1,1.792291689477718,0,Energy,Oil & Gas Refining,31.86496222489872,23.301670457219043,MATERIAL_DIFFERENCE,MATERIAL_DIFFERENCE,ROE_AND_ROCE_DIFFERENCE
BPCL,2021,32.340584445896745,19.429718652566912,41.9,32.1,1.0182429278312015,0,Energy,Oil & Gas Refining,9.559415554103253,12.67028134743309,MODERATE_DIFFERENCE,MATERIAL_DIFFERENCE,ROE_AND_ROCE_DIFFERENCE
BPCL,2022,22.50650226375108,16.435215005281737,41.9,32.1,1.243309893073885,0,Energy,Oil & Gas Refining,19.393497736248918,15.664784994718264,MATERIAL_DIFFERENCE,MATERIAL_DIFFERENCE,ROE_AND_ROCE_DIFFERENCE
BPCL,2023,3.9815403011845594,8.868329834496901,41.9,32.1,1.2962146407084938,0,Energy,Oil & Gas Refining,37.91845969881544,23.2316701655031,MATERIAL_DIFFERENCE,MATERIAL_DIFFERENCE,ROE_AND_ROCE_DIFFERENCE
BPCL,2024,34.832961560408776,32.41609553784157,41.9,32.1,0.763604295274161,0,Energy,Oil & Gas Refining,7.067038439591222,0.3160955378415693,MODERATE_DIFFERENCE,WITHIN_5_PERCENTAGE_POINTS,ROE_SOURCE_ANOMALY
BRITANNIA,2013,46.59498207885305,44.882729211087415,57.1,48.9,0.6810035842293907,0,Consumer Staples,Food Products,10.505017921146951,4.017270788912583,MATERIAL_DIFFERENCE,WITHIN_5_PERCENTAGE_POINTS,ROE_SOURCE_ANOMALY
BRITANNIA,2014,49.49874686716792,66.13924050632912,57.1,48.9,0.18796992481203006,0,Consumer Staples,Food Products,7.601253132832085,17.239240506329118,MODERATE_DIFFERENCE,MATERIAL_DIFFERENCE,ROE_AND_ROCE_DIFFERENCE
BRITANNIA,2015,55.34136546184739,62.589928057553955,57.1,48.9,0.11646586345381527,0,Consumer Staples,Food Products,1.758634538152613,13.689928057553956,WITHIN_5_PERCENTAGE_POINTS,MATERIAL_DIFFERENCE,ROCE_SOURCE_ANOMALY
BRITANNIA,2016,39.4359464627151,55.06072874493927,57.1,48.9,0.06261950286806883,0,Consumer Staples,Food Products,17.6640535372849,6.16072874493927,MATERIAL_DIFFERENCE,MODERATE_DIFFERENCE,ROE_AND_ROCE_DIFFERENCE
BRITANNIA,2017,32.826409495548965,45.30308401276143,57.1,48.9,0.046364985163204746,0,Consumer Staples,Food Products,24.273590504451036,3.5969159872385674,MATERIAL_DIFFERENCE,WITHIN_5_PERCENTAGE_POINTS,ROE_SOURCE_ANOMALY
BRITANNIA,2018,29.47739283617146,41.613529248683115,57.1,48.9,0.05901350557839107,0,Consumer Staples,Food Products,27.62260716382854,7.286470751316884,MATERIAL_DIFFERENCE,MODERATE_DIFFERENCE,ROE_AND_ROCE_DIFFERENCE
BRITANNIA,2019,27.157300728897248,39.283284191426624,57.1,48.9,0.03667999059487421,0,Consumer Staples,Food Products,29.942699271102754,9.616715808573375,MATERIAL_DIFFERENCE,MODERATE_DIFFERENCE,ROE_AND_ROCE_DIFFERENCE
BRITANNIA,2020,31.66023166023166,31.021713516243054,57.1,48.9,0.3493072904837611,0,Consumer Staples,Food Products,25.439768339768342,17.878286483756945,MATERIAL_DIFFERENCE,MATERIAL_DIFFERENCE,ROE_AND_ROCE_DIFFERENCE
BRITANNIA,2022,59.26505082095387,43.67930144870014,57.1,48.9,0.9698983580922595,0,Consumer Staples,Food Products,2.1650508209538657,5.220698551299861,WITHIN_5_PERCENTAGE_POINTS,MODERATE_DIFFERENCE,ROCE_SOURCE_ANOMALY
BRITANNIA,2023,65.53480475382003,43.3471137651202,57.1,48.9,0.8480475382003395,0,Consumer Staples,Food Products,8.434804753820025,5.5528862348798,MODERATE_DIFFERENCE,MODERATE_DIFFERENCE,ROE_AND_ROCE_DIFFERENCE
BRITANNIA,2024,66.47975077881621,53.10194500335346,57.1,48.9,0.8579439252336448,0,Consumer Staples,Food Products,9.37975077881621,4.201945003353458,MODERATE_DIFFERENCE,WITHIN_5_PERCENTAGE_POINTS,ROE_SOURCE_ANOMALY
CANBK,2013,11.896250397203687,1.798781703620992,17.9,6.63,14.936447410231967,0,Financials,Public Sector Banks,6.0037496027963115,4.831218296379008,MODERATE_DIFFERENCE,WITHIN_5_PERCENTAGE_POINTS,ROE_SOURCE_ANOMALY
CANBK,2014,8.854718981972429,2.0155243061438353,17.9,6.63,14.843352332979851,0,Financials,Public Sector Banks,9.04528101802757,4.614475693856164,MODERATE_DIFFERENCE,WITHIN_5_PERCENTAGE_POINTS,ROE_SOURCE_ANOMALY
CANBK,2015,9.020682014034225,1.9365389676303622,17.9,6.63,15.37264557429521,0,Financials,Public Sector Banks,8.879317985965773,4.693461032369638,MODERATE_DIFFERENCE,WITHIN_5_PERCENTAGE_POINTS,ROE_SOURCE_ANOMALY
CANBK,2016,-7.821659981487196,3.2988822567062743,17.9,6.63,15.634433816723234,0,Financials,Public Sector Banks,25.721659981487193,3.3311177432937256,MATERIAL_DIFFERENCE,WITHIN_5_PERCENTAGE_POINTS,ROE_SOURCE_ANOMALY
CANBK,2017,4.06804093988756,2.755015863595901,17.9,6.63,15.420441112873,0,Financials,Public Sector Banks,13.831959060112439,3.874984136404099,MATERIAL_DIFFERENCE,WITHIN_5_PERCENTAGE_POINTS,ROE_SOURCE_ANOMALY
CANBK,2018,-10.496788356776973,4.259031420803692,17.9,6.63,15.279182589370409,0,Financials,Public Sector Banks,28.396788356776973,2.370968579196308,MATERIAL_DIFFERENCE,WITHIN_5_PERCENTAGE_POINTS,ROE_SOURCE_ANOMALY
CANBK,2019,1.8466926689484995,4.012952622611031,17.9,6.63,16.98548648146674,0,Financials,Public Sector Banks,16.0533073310515,2.6170473773889693,MATERIAL_DIFFERENCE,WITHIN_5_PERCENTAGE_POINTS,ROE_SOURCE_ANOMALY
CANBK,2020,-4.661942435567636,3.779236963190184,17.9,6.63,16.215356986846576,0,Financials,Public Sector Banks,22.561942435567634,2.850763036809816,MATERIAL_DIFFERENCE,WITHIN_5_PERCENTAGE_POINTS,ROE_SOURCE_ANOMALY
CANBK,2021,4.73802275276398,3.86653824790281,17.9,6.63,17.000448646050312,0,Financials,Public Sector Banks,13.161977247236019,2.76346175209719,MATERIAL_DIFFERENCE,WITHIN_5_PERCENTAGE_POINTS,ROE_SOURCE_ANOMALY
CANBK,2022,8.802046854676176,3.428857953728088,17.9,6.63,16.18939123225797,0,Financials,Public Sector Banks,9.097953145323823,3.201142046271912,MODERATE_DIFFERENCE,WITHIN_5_PERCENTAGE_POINTS,ROE_SOURCE_ANOMALY
CHOLAFIN,2013,15.778688524590164,3.995122234481157,20.2,10.4,7.822233606557377,0,Financials,Consumer Finance,4.421311475409835,6.404877765518844,WITHIN_5_PERCENTAGE_POINTS,MODERATE_DIFFERENCE,ROCE_SOURCE_ANOMALY
CHOLAFIN,2014,16.09094884127678,4.577153521265101,20.2,10.4,7.903366856143419,0,Financials,Consumer Finance,4.109051158723219,5.822846478734899,WITHIN_5_PERCENTAGE_POINTS,MODERATE_DIFFERENCE,ROCE_SOURCE_ANOMALY
CHOLAFIN,2015,16.598130841121495,4.68950276243094,20.2,10.4,7.457943925233645,0,Financials,Consumer Finance,3.601869158878504,5.710497237569061,WITHIN_5_PERCENTAGE_POINTS,MODERATE_DIFFERENCE,ROCE_SOURCE_ANOMALY
CHOLAFIN,2016,15.66757493188011,4.8291119926762285,20.2,10.4,6.143324250681199,0,Financials,Consumer Finance,4.53242506811989,5.570888007323772,WITHIN_5_PERCENTAGE_POINTS,MODERATE_DIFFERENCE,ROCE_SOURCE_ANOMALY
CHOLAFIN,2017,16.70544439274081,4.660016214882442,20.2,10.4,5.600511865984179,0,Financials,Consumer Finance,3.4945556072591906,5.739983785117558,WITHIN_5_PERCENTAGE_POINTS,MODERATE_DIFFERENCE,ROCE_SOURCE_ANOMALY
CHOLAFIN,2018,17.912195121951218,3.339086411230008,20.2,10.4,7.479024390243903,0,Financials,Consumer Finance,2.2878048780487816,7.060913588769992,WITHIN_5_PERCENTAGE_POINTS,MODERATE_DIFFERENCE,ROCE_SOURCE_ANOMALY
CHOLAFIN,2019,19.281572164948454,2.8745046235138707,20.2,10.4,8.145457474226804,0,Financials,Consumer Finance,0.9184278350515456,7.52549537648613,WITHIN_5_PERCENTAGE_POINTS,MODERATE_DIFFERENCE,ROCE_SOURCE_ANOMALY
CHOLAFIN,2020,12.853658536585366,3.830393165097698,20.2,10.4,6.707926829268293,0,Financials,Consumer Finance,7.346341463414634,6.569606834902302,MODERATE_DIFFERENCE,MODERATE_DIFFERENCE,ROE_AND_ROCE_DIFFERENCE
CHOLAFIN,2021,15.84375,3.972453293331515,20.2,10.4,6.638541666666667,0,Financials,Consumer Finance,4.356249999999999,6.427546706668485,WITHIN_5_PERCENTAGE_POINTS,MODERATE_DIFFERENCE,ROCE_SOURCE_ANOMALY
CHOLAFIN,2022,18.302319653326535,3.6148894901350337,20.2,10.4,5.87764465969921,0,Financials,Consumer Finance,1.8976803466734644,6.785110509864967,WITHIN_5_PERCENTAGE_POINTS,MODERATE_DIFFERENCE,ROCE_SOURCE_ANOMALY
CHOLAFIN,2023,18.576606719643106,3.241602807419609,20.2,10.4,6.786421302105117,0,Financials,Consumer Finance,1.6233932803568933,7.1583971925803915,WITHIN_5_PERCENTAGE_POINTS,MODERATE_DIFFERENCE,ROCE_SOURCE_ANOMALY
CHOLAFIN,2024,15.973097940311053,3.0024420977508166,20.2,10.4,7.376722245574705,0,Financials,Consumer Finance,4.226902059688946,7.397557902249184,WITHIN_5_PERCENTAGE_POINTS,MODERATE_DIFFERENCE,ROCE_SOURCE_ANOMALY
CIPLA,2013,17.130502272979268,60.73502904065692,16.8,22.8,0.10721809513249805,0,Healthcare,Pharmaceuticals,0.3305022729792668,37.935029040656914,WITHIN_5_PERCENTAGE_POINTS,MATERIAL_DIFFERENCE,ROCE_SOURCE_ANOMALY
CIPLA,2014,13.968759327430105,71.03283476413841,16.8,22.8,0.1241667495771565,0,Healthcare,Pharmaceuticals,2.831240672569896,48.23283476413842,WITHIN_5_PERCENTAGE_POINTS,MATERIAL_DIFFERENCE,ROCE_SOURCE_ANOMALY
CIPLA,2015,11.377522680985003,73.43462614954018,16.8,22.8,0.15765598963154973,0,Healthcare,Pharmaceuticals,5.422477319014998,50.63462614954018,MODERATE_DIFFERENCE,MATERIAL_DIFFERENCE,ROE_AND_ROCE_DIFFERENCE
CIPLA,2016,12.00833550403751,67.64758657814463,16.8,22.8,0.45168012503256055,0,Healthcare,Pharmaceuticals,4.791664495962491,44.84758657814463,WITHIN_5_PERCENTAGE_POINTS,MATERIAL_DIFFERENCE,ROCE_SOURCE_ANOMALY
CIPLA,2017,8.250956632653061,71.42942906885995,16.8,22.8,0.3278858418367347,0,Healthcare,Pharmaceuticals,8.54904336734694,48.62942906885995,MODERATE_DIFFERENCE,MATERIAL_DIFFERENCE,ROE_AND_ROCE_DIFFERENCE
CIPLA,2018,9.958535385480358,67.27233044142523,16.8,22.8,0.2880033733923677,0,Healthcare,Pharmaceuticals,6.8414646145196425,44.47233044142523,MODERATE_DIFFERENCE,MATERIAL_DIFFERENCE,ROE_AND_ROCE_DIFFERENCE
CIPLA,2019,9.938715694111377,68.63100165562915,16.8,22.8,0.2875033306687983,0,Healthcare,Pharmaceuticals,6.861284305888624,45.83100165562915,MODERATE_DIFFERENCE,MATERIAL_DIFFERENCE,ROE_AND_ROCE_DIFFERENCE
CIPLA,2020,9.515955084692001,74.95559502664298,16.8,22.8,0.17864619678995114,0,Healthcare,Pharmaceuticals,7.284044915308,52.155595026642985,MODERATE_DIFFERENCE,MATERIAL_DIFFERENCE,ROE_AND_ROCE_DIFFERENCE
CIPLA,2021,13.036123540325221,73.28908554572271,16.8,22.8,0.10989850485648806,0,Healthcare,Pharmaceuticals,3.76387645967478,50.489085545722716,WITHIN_5_PERCENTAGE_POINTS,MATERIAL_DIFFERENCE,ROCE_SOURCE_ANOMALY
CIPLA,2022,12.221102634230602,78.59980819290314,16.8,22.8,0.05066935367784655,0,Healthcare,Pharmaceuticals,4.578897365769398,55.79980819290314,WITHIN_5_PERCENTAGE_POINTS,MATERIAL_DIFFERENCE,ROCE_SOURCE_ANOMALY
CIPLA,2023,12.103216986371597,73.21767864518793,16.8,22.8,0.03430597684453369,0,Healthcare,Pharmaceuticals,4.696783013628403,50.417678645187934,WITHIN_5_PERCENTAGE_POINTS,MATERIAL_DIFFERENCE,ROCE_SOURCE_ANOMALY
CIPLA,2024,14.645841413108625,67.59297807382737,16.8,22.8,0.01625356979162994,0,Healthcare,Pharmaceuticals,2.1541585868913753,44.79297807382737,WITHIN_5_PERCENTAGE_POINTS,MATERIAL_DIFFERENCE,ROCE_SOURCE_ANOMALY
COALINDIA,2013,35.80623865324311,100.88193342306688,52.0,63.6,0.026922759531275788,0,Materials,Mining & Metals,16.193761346756887,37.28193342306688,MATERIAL_DIFFERENCE,MATERIAL_DIFFERENCE,ROE_AND_ROCE_DIFFERENCE
COALINDIA,2014,35.63814734459013,124.0946878962942,52.0,63.6,0.0041977171964908975,0,Materials,Mining & Metals,16.36185265540987,60.4946878962942,MATERIAL_DIFFERENCE,MATERIAL_DIFFERENCE,ROE_AND_ROCE_DIFFERENCE
COALINDIA,2015,34.01729735087849,139.2924609307917,52.0,63.6,0.010110772433276337,0,Materials,Mining & Metals,17.982702649121507,75.6924609307917,MATERIAL_DIFFERENCE,MATERIAL_DIFFERENCE,ROE_AND_ROCE_DIFFERENCE
COALINDIA,2016,40.95828668216921,164.15130994671404,52.0,63.6,0.034421382022794475,0,Materials,Mining & Metals,11.04171331783079,100.55130994671404,MATERIAL_DIFFERENCE,MATERIAL_DIFFERENCE,ROE_AND_ROCE_DIFFERENCE
COALINDIA,2017,37.84974304592544,238.68952491646084,52.0,63.6,0.12293009217717596,0,Materials,Mining & Metals,14.150256954074557,175.08952491646085,MATERIAL_DIFFERENCE,MATERIAL_DIFFERENCE,ROE_AND_ROCE_DIFFERENCE
COALINDIA,2018,34.87957181088314,349.7697550193406,52.0,63.6,0.07622162751511548,0,Materials,Mining & Metals,17.120428189116858,286.1697550193406,MATERIAL_DIFFERENCE,MATERIAL_DIFFERENCE,ROE_AND_ROCE_DIFFERENCE
COALINDIA,2019,66.01398601398601,260.1744287458573,52.0,63.6,0.08353808353808354,0,Materials,Mining & Metals,14.013986013986013,196.57442874585732,MATERIAL_DIFFERENCE,MATERIAL_DIFFERENCE,ROE_AND_ROCE_DIFFERENCE
COALINDIA,2020,51.93270516528283,193.05019305019303,52.0,63.6,0.20008085331343098,0,Materials,Mining & Metals,0.06729483471716691,129.45019305019304,WITHIN_5_PERCENTAGE_POINTS,MATERIAL_DIFFERENCE,ROCE_SOURCE_ANOMALY
COALINDIA,2021,34.78284681526918,168.3835668128862,52.0,63.6,0.16112602004490936,0,Materials,Mining & Metals,17.21715318473082,104.78356681288619,MATERIAL_DIFFERENCE,MATERIAL_DIFFERENCE,ROE_AND_ROCE_DIFFERENCE
COALINDIA,2022,40.27999907285075,182.1698780461667,52.0,63.6,0.08145006142363767,0,Materials,Mining & Metals,11.72000092714925,118.5698780461667,MATERIAL_DIFFERENCE,MATERIAL_DIFFERENCE,ROE_AND_ROCE_DIFFERENCE
COALINDIA,2023,52.13911214108443,144.25998097400804,52.0,63.6,0.07118320924346268,0,Materials,Mining & Metals,0.13911214108443204,80.65998097400805,WITHIN_5_PERCENTAGE_POINTS,MATERIAL_DIFFERENCE,ROCE_SOURCE_ANOMALY
COALINDIA,2024,38.84632576899488,90.71173795583243,52.0,63.6,0.0812499350291589,0,Materials,Mining & Metals,13.15367423100512,27.11173795583243,MATERIAL_DIFFERENCE,MATERIAL_DIFFERENCE,ROE_AND_ROCE_DIFFERENCE
DABUR,2013,36.563245823389025,30.560690080098585,19.2,22.3,0.5494033412887828,0,Consumer Staples,Personal Products,17.363245823389025,8.260690080098584,MATERIAL_DIFFERENCE,MODERATE_DIFFERENCE,ROE_AND_ROCE_DIFFERENCE
DABUR,2014,34.48795180722892,34.54221165279429,19.2,22.3,0.26656626506024095,0,Consumer Staples,Personal Products,15.287951807228918,12.242211652794293,MATERIAL_DIFFERENCE,MATERIAL_DIFFERENCE,ROE_AND_ROCE_DIFFERENCE
DABUR,2015,31.84257602862254,32.28962818003914,19.2,22.3,0.21884317233154443,0,Consumer Staples,Personal Products,12.642576028622539,9.989628180039137,MATERIAL_DIFFERENCE,MODERATE_DIFFERENCE,ROE_AND_ROCE_DIFFERENCE
DABUR,2016,30.064732678014867,30.5064308681672,19.2,22.3,0.19299928074802206,0,Consumer Staples,Personal Products,10.864732678014867,8.2064308681672,MATERIAL_DIFFERENCE,MODERATE_DIFFERENCE,ROE_AND_ROCE_DIFFERENCE
DABUR,2017,26.408087476789767,25.97045688766747,19.2,22.3,0.20115535382710956,0,Consumer Staples,Personal Products,7.208087476789768,3.67045688766747,MODERATE_DIFFERENCE,WITHIN_5_PERCENTAGE_POINTS,ROE_SOURCE_ANOMALY
DABUR,2019,25.67471590909091,27.483809824672246,19.2,22.3,0.12411221590909091,0,Consumer Staples,Personal Products,6.474715909090911,5.183809824672245,MODERATE_DIFFERENCE,MODERATE_DIFFERENCE,ROE_AND_ROCE_DIFFERENCE
DIVISLAB,2013,24.070371851259495,32.202052091554854,12.2,16.5,0.013194722111155539,0,Healthcare,Pharmaceuticals,11.870371851259495,15.702052091554854,MATERIAL_DIFFERENCE,MATERIAL_DIFFERENCE,ROE_AND_ROCE_DIFFERENCE
DIVISLAB,2014,26.07962213225371,34.13816230717639,12.2,16.5,0.006072874493927126,0,Healthcare,Pharmaceuticals,13.879622132253711,17.638162307176387,MATERIAL_DIFFERENCE,MATERIAL_DIFFERENCE,ROE_AND_ROCE_DIFFERENCE
DIVISLAB,2015,24.37070938215103,33.29548680102186,12.2,16.5,0.007723112128146453,0,Healthcare,Pharmaceuticals,12.170709382151031,16.79548680102186,MATERIAL_DIFFERENCE,MATERIAL_DIFFERENCE,ROE_AND_ROCE_DIFFERENCE
DIVISLAB,2016,26.22874446773818,32.825836216839676,12.2,16.5,0.009783368273934312,0,Healthcare,Pharmaceuticals,14.028744467738182,16.325836216839676,MATERIAL_DIFFERENCE,MATERIAL_DIFFERENCE,ROE_AND_ROCE_DIFFERENCE
DIVISLAB,2017,19.787194325182007,26.88670498794734,12.2,16.5,0.006720179204778794,0,Healthcare,Pharmaceuticals,7.587194325182008,10.38670498794734,MODERATE_DIFFERENCE,MATERIAL_DIFFERENCE,ROE_AND_ROCE_DIFFERENCE
DIVISLAB,2019,19.448037947391118,26.532634857709187,12.2,16.5,0.015236452493891045,0,Healthcare,Pharmaceuticals,7.2480379473911185,10.032634857709187,MODERATE_DIFFERENCE,MATERIAL_DIFFERENCE,ROE_AND_ROCE_DIFFERENCE
DIVISLAB,2020,18.83720930232558,24.84691794802014,12.2,16.5,0.00533515731874145,0,Healthcare,Pharmaceuticals,6.63720930232558,8.346917948020138,MODERATE_DIFFERENCE,MODERATE_DIFFERENCE,ROE_AND_ROCE_DIFFERENCE
DIVISLAB,2021,21.34480903711673,30.827956989247312,12.2,16.5,0.0005379236148466917,0,Healthcare,Pharmaceuticals,9.14480903711673,14.327956989247312,MODERATE_DIFFERENCE,MATERIAL_DIFFERENCE,ROE_AND_ROCE_DIFFERENCE
DIVISLAB,2022,25.2387448840382,33.1145584725537,12.2,16.5,0.00034106412005457026,0,Healthcare,Pharmaceuticals,13.038744884038202,16.614558472553703,MATERIAL_DIFFERENCE,MATERIAL_DIFFERENCE,ROE_AND_ROCE_DIFFERENCE
DLF,2015,1.8524608133289489,5.811352768779885,6.95,5.74,0.8949906828894004,0,Real Estate,Real Estate,5.097539186671051,0.07135276877988517,MODERATE_DIFFERENCE,WITHIN_5_PERCENTAGE_POINTS,ROE_SOURCE_ANOMALY
DLF,2016,1.2671901616186798,8.039243508402084,6.95,5.74,1.049648926004404,0,Real Estate,Real Estate,5.682809838381321,2.2992435084020837,MODERATE_DIFFERENCE,WITHIN_5_PERCENTAGE_POINTS,ROE_SOURCE_ANOMALY
DLF,2018,12.678768655659708,4.503617287223969,6.95,5.74,0.49534139503270935,0,Real Estate,Real Estate,5.7287686556597075,1.236382712776031,MODERATE_DIFFERENCE,WITHIN_5_PERCENTAGE_POINTS,ROE_SOURCE_ANOMALY
DLF,2020,-1.7127761488663744,2.693301997649824,6.95,5.74,0.23523093447905477,0,Real Estate,Real Estate,8.662776148866374,3.046698002350176,MODERATE_DIFFERENCE,WITHIN_5_PERCENTAGE_POINTS,ROE_SOURCE_ANOMALY
DMART,2016,21.038790269559502,24.474751197935866,14.5,19.4,0.7836949375410914,0,Consumer Discretionary,Retail,6.538790269559502,5.074751197935868,MODERATE_DIFFERENCE,MODERATE_DIFFERENCE,ROE_AND_ROCE_DIFFERENCE
DMART,2018,17.262797172842152,26.487862176977288,14.5,19.4,0.09402441636324695,0,Consumer Discretionary,Retail,2.762797172842152,7.087862176977289,WITHIN_5_PERCENTAGE_POINTS,MODERATE_DIFFERENCE,ROCE_SOURCE_ANOMALY
DMART,2019,16.144621442634687,25.974232543343405,14.5,19.4,0.12529085376767496,0,Consumer Discretionary,Retail,1.644621442634687,6.574232543343406,WITHIN_5_PERCENTAGE_POINTS,MODERATE_DIFFERENCE,ROCE_SOURCE_ANOMALY
DMART,2021,9.020026263952726,13.874532877474754,14.5,19.4,0.032255416940249505,0,Consumer Discretionary,Retail,5.479973736047274,5.525467122525244,MODERATE_DIFFERENCE,MODERATE_DIFFERENCE,ROE_AND_ROCE_DIFFERENCE
DRREDDY,2017,10.536617191322787,14.388824214202561,21.4,26.5,0.4010764964932311,0,Healthcare,Pharmaceuticals,10.863382808677212,12.111175785797439,MATERIAL_DIFFERENCE,MATERIAL_DIFFERENCE,ROE_AND_ROCE_DIFFERENCE
DRREDDY,2018,7.532612153993,13.325398174913564,21.4,26.5,0.40335666560610883,0,Healthcare,Pharmaceuticals,13.867387846006999,13.174601825086436,MATERIAL_DIFFERENCE,MATERIAL_DIFFERENCE,ROE_AND_ROCE_DIFFERENCE
DRREDDY,2019,13.904734740444951,17.791960586720414,21.4,26.5,0.27367370222475756,0,Healthcare,Pharmaceuticals,7.4952652595550475,8.708039413279586,MODERATE_DIFFERENCE,MODERATE_DIFFERENCE,ROE_AND_ROCE_DIFFERENCE
DRREDDY,2020,12.988012052054618,13.908697849401989,21.4,26.5,0.14167574844541317,0,Healthcare,Pharmaceuticals,8.41198794794538,12.591302150598011,MODERATE_DIFFERENCE,MATERIAL_DIFFERENCE,ROE_AND_ROCE_DIFFERENCE
DRREDDY,2021,11.06513236211099,18.74032507739938,21.4,26.5,0.17181565670880336,0,Healthcare,Pharmaceuticals,10.334867637889008,7.75967492260062,MATERIAL_DIFFERENCE,MODERATE_DIFFERENCE,ROE_AND_ROCE_DIFFERENCE
DRREDDY,2022,11.35748490526754,16.675517790759425,21.4,26.5,0.17613991255465333,0,Healthcare,Pharmaceuticals,10.042515094732458,9.824482209240575,MATERIAL_DIFFERENCE,MODERATE_DIFFERENCE,ROE_AND_ROCE_DIFFERENCE
EICHERMOT,2014,27.90143084260731,43.43434343434344,24.2,31.1,0.023052464228934817,0,Consumer Discretionary,Two Wheelers,3.701430842607312,12.334343434343438,WITHIN_5_PERCENTAGE_POINTS,MATERIAL_DIFFERENCE,ROCE_SOURCE_ANOMALY
EICHERMOT,2016,36.627429509991785,45.97388465723613,24.2,31.1,0.006296194908294552,0,Consumer Discretionary,Two Wheelers,12.427429509991786,14.873884657236125,MATERIAL_DIFFERENCE,MATERIAL_DIFFERENCE,ROE_AND_ROCE_DIFFERENCE
EICHERMOT,2017,31.18802619270346,39.83873923401136,24.2,31.1,0.02095416276894294,0,Consumer Discretionary,Two Wheelers,6.988026192703462,8.738739234011362,MODERATE_DIFFERENCE,MODERATE_DIFFERENCE,ROE_AND_ROCE_DIFFERENCE
EICHERMOT,2018,27.880512091038405,39.117114607993315,24.2,31.1,0.021479374110953058,0,Consumer Discretionary,Two Wheelers,3.6805120910384055,8.017114607993314,WITHIN_5_PERCENTAGE_POINTS,MODERATE_DIFFERENCE,ROCE_SOURCE_ANOMALY
EICHERMOT,2020,18.30477908025248,21.339198435972627,24.2,31.1,0.024947400060114217,0,Consumer Discretionary,Two Wheelers,5.895220919747519,9.760801564027375,MODERATE_DIFFERENCE,MODERATE_DIFFERENCE,ROE_AND_ROCE_DIFFERENCE
EICHERMOT,2021,11.776534359153699,15.295530582482627,24.2,31.1,0.01914670396922539,0,Consumer Discretionary,Two Wheelers,12.4234656408463,15.804469417517375,MATERIAL_DIFFERENCE,MATERIAL_DIFFERENCE,ROE_AND_ROCE_DIFFERENCE
EICHERMOT,2022,13.301078680203046,17.1280276816609,24.2,31.1,0.008565989847715736,0,Consumer Discretionary,Two Wheelers,10.898921319796953,13.971972318339102,MATERIAL_DIFFERENCE,MATERIAL_DIFFERENCE,ROE_AND_ROCE_DIFFERENCE
EICHERMOT,2023,19.43962641761174,22.555308286424925,24.2,31.1,0.019212808539026016,0,Consumer Discretionary,Two Wheelers,4.760373582388258,8.544691713575077,WITHIN_5_PERCENTAGE_POINTS,MODERATE_DIFFERENCE,ROCE_SOURCE_ANOMALY
EICHERMOT,2024,21.081195005005533,22.334004024144868,24.2,31.1,0.021286685283734653,0,Consumer Discretionary,Two Wheelers,3.1188049949944663,8.765995975855134,WITHIN_5_PERCENTAGE_POINTS,MODERATE_DIFFERENCE,ROCE_SOURCE_ANOMALY
GAIL,2016,5.147927368623465,9.97910020899791,14.0,14.7,0.24866082465730846,0,Energy,Gas Distribution,8.852072631376535,4.72089979100209,MODERATE_DIFFERENCE,WITHIN_5_PERCENTAGE_POINTS,ROE_SOURCE_ANOMALY
GAIL,2017,8.584149599287622,13.129661127829387,14.0,14.7,0.16672179112072255,0,Energy,Gas Distribution,5.415850400712378,1.5703388721706126,MODERATE_DIFFERENCE,WITHIN_5_PERCENTAGE_POINTS,ROE_SOURCE_ANOMALY
GAIL,2019,14.244413529258326,20.606286804346023,14.0,14.7,0.04834362229371359,0,Energy,Gas Distribution,0.24441352925832582,5.906286804346024,WITHIN_5_PERCENTAGE_POINTS,MODERATE_DIFFERENCE,ROCE_SOURCE_ANOMALY
GAIL,2020,19.31273849151579,16.059095763616945,14.0,14.7,0.14029390273605585,0,Energy,Gas Distribution,5.312738491515791,1.3590957636169456,MODERATE_DIFFERENCE,WITHIN_5_PERCENTAGE_POINTS,ROE_SOURCE_ANOMALY
GAIL,2022,19.19081635836167,20.67503068321287,14.0,14.7,0.14374395607823565,0,Energy,Gas Distribution,5.190816358361669,5.9750306832128715,MODERATE_DIFFERENCE,MODERATE_DIFFERENCE,ROE_AND_ROCE_DIFFERENCE
GAIL,2023,8.61891046868021,9.064210869801675,14.0,14.7,0.274400480539683,0,Energy,Gas Distribution,5.381089531319789,5.635789130198324,MODERATE_DIFFERENCE,MODERATE_DIFFERENCE,ROE_AND_ROCE_DIFFERENCE
GODREJCP,2013,25.505584062782976,17.247356560929102,6.77,26.49,0.7413220645940235,0,Consumer Staples,Personal Products,18.735584062782976,9.242643439070896,MATERIAL_DIFFERENCE,MODERATE_DIFFERENCE,ROE_AND_ROCE_DIFFERENCE
GODREJCP,2014,21.695364238410598,19.014313597918022,6.77,26.49,0.6286092715231788,0,Consumer Staples,Personal Products,14.925364238410598,7.475686402081976,MATERIAL_DIFFERENCE,MODERATE_DIFFERENCE,ROE_AND_ROCE_DIFFERENCE
GODREJCP,2015,22.639758756668986,19.621513944223107,6.77,26.49,0.6302482022732545,0,Consumer Staples,Personal Products,15.869758756668986,6.868486055776891,MATERIAL_DIFFERENCE,MODERATE_DIFFERENCE,ROE_AND_ROCE_DIFFERENCE
GODREJCP,2016,19.475041012420906,23.14892428052529,6.77,26.49,0.67752519334427,0,Consumer Staples,Personal Products,12.705041012420907,3.341075719474709,MATERIAL_DIFFERENCE,WITHIN_5_PERCENTAGE_POINTS,ROE_SOURCE_ANOMALY
GODREJCP,2017,24.669935873255376,20.498763839621628,6.77,26.49,0.7546208977744248,0,Consumer Staples,Personal Products,17.899935873255377,5.991236160378371,MATERIAL_DIFFERENCE,MODERATE_DIFFERENCE,ROE_AND_ROCE_DIFFERENCE
GODREJCP,2018,26.110578459571748,21.339340569322136,6.77,26.49,0.5605624800255673,0,Consumer Staples,Personal Products,19.34057845957175,5.150659430677862,MATERIAL_DIFFERENCE,MODERATE_DIFFERENCE,ROE_AND_ROCE_DIFFERENCE
GODREJCP,2019,32.22787945507087,20.02065921682787,6.77,26.49,0.4653914958029448,0,Consumer Staples,Personal Products,25.45787945507087,6.469340783172129,MATERIAL_DIFFERENCE,MODERATE_DIFFERENCE,ROE_AND_ROCE_DIFFERENCE
GODREJCP,2020,18.95416561154723,18.7745140765275,6.77,26.49,0.45264623955431754,0,Consumer Staples,Personal Products,12.184165611547229,7.7154859234724995,MATERIAL_DIFFERENCE,MODERATE_DIFFERENCE,ROE_AND_ROCE_DIFFERENCE
GODREJCP,2021,18.23286365081047,21.224453684862425,6.77,26.49,0.1974785464561924,0,Consumer Staples,Personal Products,11.462863650810469,5.265546315137573,MATERIAL_DIFFERENCE,MODERATE_DIFFERENCE,ROE_AND_ROCE_DIFFERENCE
GODREJCP,2022,15.429214260989962,18.167420814479637,6.77,26.49,0.1474558670820353,0,Consumer Staples,Personal Products,8.659214260989962,8.322579185520361,MODERATE_DIFFERENCE,MODERATE_DIFFERENCE,ROE_AND_ROCE_DIFFERENCE
GODREJCP,2023,12.338697984630999,16.369606003752345,6.77,26.49,0.08191967522111063,0,Consumer Staples,Personal Products,5.568697984630999,10.120393996247653,MODERATE_DIFFERENCE,MATERIAL_DIFFERENCE,ROE_AND_ROCE_DIFFERENCE
GODREJCP,2024,-4.609695973705834,18.483560445055634,6.77,26.49,0.314543960558751,0,Consumer Staples,Personal Products,11.379695973705832,8.006439554944365,MATERIAL_DIFFERENCE,MODERATE_DIFFERENCE,ROE_AND_ROCE_DIFFERENCE
GRASIM,2013,19.219616421630974,20.2828089156709,6.9,9.3,0.48583201912804597,0,Industrials,Diversified Industrials,12.319616421630974,10.982808915670898,MATERIAL_DIFFERENCE,MATERIAL_DIFFERENCE,ROE_AND_ROCE_DIFFERENCE
GRASIM,2014,13.66643534582466,15.704882413087933,6.9,9.3,0.44788341429562806,0,Industrials,Diversified Industrials,6.766435345824659,6.4048824130879325,MODERATE_DIFFERENCE,MODERATE_DIFFERENCE,ROE_AND_ROCE_DIFFERENCE
GRASIM,2015,11.158167675021607,14.667807242657544,6.9,9.3,0.5155574762316335,0,Industrials,Diversified Industrials,4.258167675021607,5.367807242657543,WITHIN_5_PERCENTAGE_POINTS,MODERATE_DIFFERENCE,ROCE_SOURCE_ANOMALY
GRASIM,2016,12.596157351708046,14.80192317323584,6.9,9.3,0.45590433482810166,0,Industrials,Diversified Industrials,5.696157351708045,5.50192317323584,MODERATE_DIFFERENCE,MODERATE_DIFFERENCE,ROE_AND_ROCE_DIFFERENCE
GRASIM,2017,13.527893713958008,18.194581280788178,6.9,9.3,0.29352916812693153,0,Industrials,Diversified Industrials,6.627893713958008,8.894581280788177,MODERATE_DIFFERENCE,MODERATE_DIFFERENCE,ROE_AND_ROCE_DIFFERENCE
GRASIM,2022,14.803365962562253,13.580558749825517,6.9,9.3,0.9873842454986196,0,Industrials,Diversified Industrials,7.903365962562253,4.280558749825516,MODERATE_DIFFERENCE,WITHIN_5_PERCENTAGE_POINTS,ROE_SOURCE_ANOMALY
GRASIM,2023,14.068730791699474,11.876378719448127,6.9,9.3,1.3085646795864976,0,Industrials,Diversified Industrials,7.168730791699474,2.576378719448126,MODERATE_DIFFERENCE,WITHIN_5_PERCENTAGE_POINTS,ROE_SOURCE_ANOMALY
HAL,2016,1664.9999999999998,1795.6521739130433,28.9,38.9,0.15,0,Industrials,Defence & Aerospace,1636.0999999999997,1756.7521739130432,MATERIAL_DIFFERENCE,MATERIAL_DIFFERENCE,ROE_AND_ROCE_DIFFERENCE
HAL,2017,1966.9172932330828,2397.037037037037,28.9,38.9,0.015037593984962405,0,Industrials,Defence & Aerospace,1938.0172932330827,2358.137037037037,MATERIAL_DIFFERENCE,MATERIAL_DIFFERENCE,ROE_AND_ROCE_DIFFERENCE
HAL,2018,1528.4615384615386,2601.503759398496,28.9,38.9,0.023076923076923078,0,Industrials,Defence & Aerospace,1499.5615384615385,2562.603759398496,MATERIAL_DIFFERENCE,MATERIAL_DIFFERENCE,ROE_AND_ROCE_DIFFERENCE
HAL,2019,1763.9097744360904,3240.425531914894,28.9,38.9,0.06015037593984962,0,Industrials,Defence & Aerospace,1735.0097744360903,3201.5255319148937,MATERIAL_DIFFERENCE,MATERIAL_DIFFERENCE,ROE_AND_ROCE_DIFFERENCE
HAL,2020,2059.4202898550725,3485.7142857142853,28.9,38.9,0.014492753623188406,0,Industrials,Defence & Aerospace,2030.5202898550724,3446.8142857142852,MATERIAL_DIFFERENCE,MATERIAL_DIFFERENCE,ROE_AND_ROCE_DIFFERENCE
HAL,2021,2249.3055555555557,3560.666666666667,28.9,38.9,0.041666666666666664,0,Industrials,Defence & Aerospace,2220.4055555555556,3521.766666666667,MATERIAL_DIFFERENCE,MATERIAL_DIFFERENCE,ROE_AND_ROCE_DIFFERENCE
HAL,2022,3324.183006535948,3284.848484848485,28.9,38.9,0.0784313725490196,0,Industrials,Defence & Aerospace,3295.283006535948,3245.948484848485,MATERIAL_DIFFERENCE,MATERIAL_DIFFERENCE,ROE_AND_ROCE_DIFFERENCE
HAL,2023,3283.050847457627,2977.2321428571427,28.9,38.9,0.2655367231638418,0,Industrials,Defence & Aerospace,3254.1508474576267,2938.3321428571426,MATERIAL_DIFFERENCE,MATERIAL_DIFFERENCE,ROE_AND_ROCE_DIFFERENCE
HAL,2024,3669.0821256038644,2945.3172205438063,28.9,38.9,0.5990338164251208,0,Industrials,Defence & Aerospace,3640.1821256038643,2906.4172205438063,MATERIAL_DIFFERENCE,MATERIAL_DIFFERENCE,ROE_AND_ROCE_DIFFERENCE
HAVELLS,2013,40.29126213592233,27.805280528052805,18.0,24.4,0.680998613037448,0,Industrials,Consumer Electricals,22.29126213592233,3.4052805280528062,MATERIAL_DIFFERENCE,WITHIN_5_PERCENTAGE_POINTS,ROE_SOURCE_ANOMALY
HAVELLS,2014,26.770708283313326,28.566176470588232,18.0,24.4,0.6326530612244898,0,Industrials,Consumer Electricals,8.770708283313326,4.166176470588233,MODERATE_DIFFERENCE,WITHIN_5_PERCENTAGE_POINTS,ROE_SOURCE_ANOMALY
HAVELLS,2015,21.177117711771174,33.675289919714544,18.0,24.4,0.23322332233223322,0,Industrials,Consumer Electricals,3.1771177117711744,9.275289919714545,WITHIN_5_PERCENTAGE_POINTS,MODERATE_DIFFERENCE,ROCE_SOURCE_ANOMALY
HAVELLS,2016,42.94681202510737,25.18190446061373,18.0,24.4,0.04426825239511067,0,Industrials,Consumer Electricals,24.94681202510737,0.7819044606137311,MATERIAL_DIFFERENCE,WITHIN_5_PERCENTAGE_POINTS,ROE_SOURCE_ANOMALY
HCLTECH,2013,30.689759951382555,39.97747747747748,23.3,29.6,0.07930720145852324,0,Information Technology,IT Services,7.389759951382555,10.377477477477477,MODERATE_DIFFERENCE,MATERIAL_DIFFERENCE,ROE_AND_ROCE_DIFFERENCE
HCLTECH,2014,33.39130434782609,39.06553870089459,23.3,29.6,0.05207161125319693,0,Information Technology,IT Services,10.091304347826092,9.46553870089459,MATERIAL_DIFFERENCE,MODERATE_DIFFERENCE,ROE_AND_ROCE_DIFFERENCE
HCLTECH,2015,30.30878467635403,34.11868768092634,23.3,29.6,0.026750330250990752,0,Information Technology,IT Services,7.008784676354029,4.518687680926341,MODERATE_DIFFERENCE,WITHIN_5_PERCENTAGE_POINTS,ROE_SOURCE_ANOMALY
HCLTECH,2016,20.451973275893543,23.362943716863874,23.3,29.6,0.03979409295023913,0,Information Technology,IT Services,2.8480267241064574,6.237056283136127,WITHIN_5_PERCENTAGE_POINTS,MODERATE_DIFFERENCE,ROCE_SOURCE_ANOMALY
HDFCBANK,2023,15.944347321360706,2.5957630782533507,17.1,7.67,7.39091618930479,0,Financials,Private Banks,1.1556526786392958,5.07423692174665,WITHIN_5_PERCENTAGE_POINTS,MODERATE_DIFFERENCE,ROCE_SOURCE_ANOMALY
HDFCLIFE,2013,33.43305908750935,1012.341062079282,11.4,6.61,0.0,0,Financials,Life Insurance,22.03305908750935,1005.731062079282,MATERIAL_DIFFERENCE,MATERIAL_DIFFERENCE,ROE_AND_ROCE_DIFFERENCE
HDFCLIFE,2014,37.60373443983403,858.9730290456432,11.4,6.61,0.0,0,Financials,Life Insurance,26.20373443983403,852.3630290456432,MATERIAL_DIFFERENCE,MATERIAL_DIFFERENCE,ROE_AND_ROCE_DIFFERENCE
HDFCLIFE,2015,30.932703659976386,1036.6391184573001,11.4,6.61,0.0,0,Financials,Life Insurance,19.532703659976384,1030.0291184573002,MATERIAL_DIFFERENCE,MATERIAL_DIFFERENCE,ROE_AND_ROCE_DIFFERENCE
HDFCLIFE,2016,26.32935868514341,553.8833387044796,11.4,6.61,0.0,0,Financials,Life Insurance,14.929358685143411,547.2733387044796,MATERIAL_DIFFERENCE,MATERIAL_DIFFERENCE,ROE_AND_ROCE_DIFFERENCE
HDFCLIFE,2017,23.183481442760062,775.5880815473079,11.4,6.61,0.0,0,Financials,Life Insurance,11.783481442760062,768.9780815473079,MATERIAL_DIFFERENCE,MATERIAL_DIFFERENCE,ROE_AND_ROCE_DIFFERENCE
HDFCLIFE,2018,23.52816153028693,662.826780021254,11.4,6.61,0.0,0,Financials,Life Insurance,12.12816153028693,656.216780021254,MATERIAL_DIFFERENCE,MATERIAL_DIFFERENCE,ROE_AND_ROCE_DIFFERENCE
HDFCLIFE,2019,22.651542006380716,667.1393123006026,11.4,6.61,0.0,0,Financials,Life Insurance,11.251542006380715,660.5293123006026,MATERIAL_DIFFERENCE,MATERIAL_DIFFERENCE,ROE_AND_ROCE_DIFFERENCE
HDFCLIFE,2020,19.05391508741002,414.85235786690174,11.4,6.61,0.0,0,Financials,Life Insurance,7.653915087410018,408.2423578669017,MODERATE_DIFFERENCE,MATERIAL_DIFFERENCE,ROE_AND_ROCE_DIFFERENCE
HDFCLIFE,2021,15.752314814814813,760.7575757575758,11.4,6.61,0.06944444444444445,0,Financials,Life Insurance,4.352314814814813,754.1475757575757,WITHIN_5_PERCENTAGE_POINTS,MATERIAL_DIFFERENCE,ROCE_SOURCE_ANOMALY
HDFCLIFE,2022,8.498783143332906,409.20192426298263,11.4,6.61,0.038427052645062125,0,Financials,Life Insurance,2.9012168566670944,402.5919242629826,WITHIN_5_PERCENTAGE_POINTS,MATERIAL_DIFFERENCE,ROCE_SOURCE_ANOMALY
HDFCLIFE,2023,10.528746247979681,502.9548877572975,11.4,6.61,0.07311629338874778,0,Financials,Life Insurance,0.8712537520203192,496.3448877572975,WITHIN_5_PERCENTAGE_POINTS,MATERIAL_DIFFERENCE,ROCE_SOURCE_ANOMALY
HDFCLIFE,2024,10.087157139195078,609.8284402561314,11.4,6.61,0.060881825173032554,0,Financials,Life Insurance,1.3128428608049223,603.2184402561314,WITHIN_5_PERCENTAGE_POINTS,MATERIAL_DIFFERENCE,ROCE_SOURCE_ANOMALY
HEROMOTOCO,2014,37.38218033078428,367.7331979007957,22.0,29.1,0.050506846878890274,0,Consumer Discretionary,Two Wheelers,15.38218033078428,338.63319790079566,MATERIAL_DIFFERENCE,MATERIAL_DIFFERENCE,ROE_AND_ROCE_DIFFERENCE
HEROMOTOCO,2015,36.14678899082569,361.7168674698795,22.0,29.1,0.01529051987767584,0,Consumer Discretionary,Two Wheelers,14.14678899082569,332.6168674698795,MATERIAL_DIFFERENCE,MATERIAL_DIFFERENCE,ROE_AND_ROCE_DIFFERENCE
HEROMOTOCO,2016,35.22752999773602,265.08934480476506,22.0,29.1,0.026262168892913742,0,Consumer Discretionary,Two Wheelers,13.22752999773602,235.98934480476507,MATERIAL_DIFFERENCE,MATERIAL_DIFFERENCE,ROE_AND_ROCE_DIFFERENCE
HEROMOTOCO,2017,34.373788290034895,227.14380259052663,22.0,29.1,0.025300504071345483,0,Consumer Discretionary,Two Wheelers,12.373788290034895,198.04380259052664,MATERIAL_DIFFERENCE,MATERIAL_DIFFERENCE,ROE_AND_ROCE_DIFFERENCE
HEROMOTOCO,2018,31.089208152355496,222.32786885245903,22.0,29.1,0.019044437019712663,0,Consumer Discretionary,Two Wheelers,9.089208152355496,193.22786885245904,MODERATE_DIFFERENCE,MATERIAL_DIFFERENCE,ROE_AND_ROCE_DIFFERENCE
HEROMOTOCO,2019,26.417682926829265,215.50029779630734,22.0,29.1,0.02378048780487805,0,Consumer Discretionary,Two Wheelers,4.417682926829265,186.40029779630734,WITHIN_5_PERCENTAGE_POINTS,MATERIAL_DIFFERENCE,ROCE_SOURCE_ANOMALY
HEROMOTOCO,2020,25.39913924753575,169.4865064943805,22.0,29.1,0.031445231153685964,0,Consumer Discretionary,Two Wheelers,3.39913924753575,140.3865064943805,WITHIN_5_PERCENTAGE_POINTS,MATERIAL_DIFFERENCE,ROCE_SOURCE_ANOMALY
HEROMOTOCO,2021,19.045147898287492,168.13750000000002,22.0,29.1,0.03788271925272444,0,Consumer Discretionary,Two Wheelers,2.9548521017125076,139.03750000000002,WITHIN_5_PERCENTAGE_POINTS,MATERIAL_DIFFERENCE,ROCE_SOURCE_ANOMALY
HEROMOTOCO,2022,14.696788035590332,159.82859226841722,22.0,29.1,0.038177573042216195,0,Consumer Discretionary,Two Wheelers,7.303211964409668,130.72859226841723,MODERATE_DIFFERENCE,MATERIAL_DIFFERENCE,ROE_AND_ROCE_DIFFERENCE
HEROMOTOCO,2023,16.810758885686838,174.52392011147236,22.0,29.1,0.034101825168107586,0,Consumer Discretionary,Two Wheelers,5.1892411143131625,145.42392011147237,MODERATE_DIFFERENCE,MATERIAL_DIFFERENCE,ROE_AND_ROCE_DIFFERENCE
HEROMOTOCO,2024,19.683341223502183,166.10031124036942,22.0,29.1,0.030929461890484455,0,Consumer Discretionary,Two Wheelers,2.3166587764978175,137.00031124036943,WITHIN_5_PERCENTAGE_POINTS,MATERIAL_DIFFERENCE,ROCE_SOURCE_ANOMALY
HINDALCO,2013,8.511180300028306,78.55788298783065,10.2,11.3,1.6119728276252476,0,Materials,Metals & Mining,1.6888196999716936,67.25788298783065,WITHIN_5_PERCENTAGE_POINTS,MATERIAL_DIFFERENCE,ROCE_SOURCE_ANOMALY
HINDALCO,2014,5.405871342724855,75.61788154897494,10.2,11.3,1.5948182445079302,0,Materials,Metals & Mining,4.794128657275144,64.31788154897494,WITHIN_5_PERCENTAGE_POINTS,MATERIAL_DIFFERENCE,ROCE_SOURCE_ANOMALY
HINDALCO,2015,0.6757285606198962,89.36299708793318,10.2,11.3,1.7863236713715462,0,Materials,Metals & Mining,9.524271439380103,78.06299708793318,MODERATE_DIFFERENCE,MATERIAL_DIFFERENCE,ROE_AND_ROCE_DIFFERENCE
HINDALCO,2016,-1.7286808342978157,84.1162711143573,10.2,11.3,1.663473614223448,0,Materials,Metals & Mining,11.928680834297815,72.8162711143573,MATERIAL_DIFFERENCE,MATERIAL_DIFFERENCE,ROE_AND_ROCE_DIFFERENCE
HINDALCO,2017,4.086063527215094,79.96923805016564,10.2,11.3,1.3855489697996048,0,Materials,Metals & Mining,6.113936472784905,68.66923805016565,MODERATE_DIFFERENCE,MATERIAL_DIFFERENCE,ROE_AND_ROCE_DIFFERENCE
HINDALCO,2018,11.089841755997957,94.91423975459664,10.2,11.3,0.9493546269962809,0,Materials,Metals & Mining,0.8898417559979581,83.61423975459664,WITHIN_5_PERCENTAGE_POINTS,MATERIAL_DIFFERENCE,ROCE_SOURCE_ANOMALY
HINDALCO,2019,9.556355541642754,104.65355362276647,10.2,11.3,0.9115493643588807,0,Materials,Metals & Mining,0.6436444583572456,93.35355362276647,WITHIN_5_PERCENTAGE_POINTS,MATERIAL_DIFFERENCE,ROCE_SOURCE_ANOMALY
HINDALCO,2020,6.459522952140885,81.94545282363711,10.2,11.3,1.172882692868289,0,Materials,Metals & Mining,3.7404770478591143,70.64545282363711,WITHIN_5_PERCENTAGE_POINTS,MATERIAL_DIFFERENCE,ROCE_SOURCE_ANOMALY
HINDALCO,2021,5.234996167315468,85.5763838521299,10.2,11.3,1.010115281138683,0,Materials,Metals & Mining,4.965003832684531,74.2763838521299,WITHIN_5_PERCENTAGE_POINTS,MATERIAL_DIFFERENCE,ROCE_SOURCE_ANOMALY
HINDALCO,2022,17.559565678914453,116.84574248126889,10.2,11.3,0.8247240731030425,0,Materials,Metals & Mining,7.3595656789144535,105.54574248126889,MODERATE_DIFFERENCE,MATERIAL_DIFFERENCE,ROE_AND_ROCE_DIFFERENCE
HINDALCO,2023,10.650169820475497,129.29714952578064,10.2,11.3,0.6359407632428328,0,Materials,Metals & Mining,0.45016982047549803,117.99714952578064,WITHIN_5_PERCENTAGE_POINTS,MATERIAL_DIFFERENCE,ROCE_SOURCE_ANOMALY
HINDALCO,2024,8.816941029381121,109.05839271013711,10.2,11.3,0.5292682503299299,0,Materials,Metals & Mining,1.3830589706188778,97.75839271013712,WITHIN_5_PERCENTAGE_POINTS,MATERIAL_DIFFERENCE,ROCE_SOURCE_ANOMALY
HINDUNILVR,2013,133.99650959860384,788.3737024221454,20.2,27.2,0.008726003490401396,0,Consumer Staples,FMCG,113.79650959860383,761.1737024221453,MATERIAL_DIFFERENCE,MATERIAL_DIFFERENCE,ROE_AND_ROCE_DIFFERENCE
HINDUNILVR,2014,111.84619734238055,683.0867987719788,20.2,27.2,0.013005371783997738,0,Consumer Staples,FMCG,91.64619734238055,655.8867987719788,MATERIAL_DIFFERENCE,MATERIAL_DIFFERENCE,ROE_AND_ROCE_DIFFERENCE
HINDUNILVR,2015,108.66650111745717,652.5798525798525,20.2,27.2,0.010677924012912838,0,Consumer Staples,FMCG,88.46650111745717,625.3798525798525,MATERIAL_DIFFERENCE,MATERIAL_DIFFERENCE,ROE_AND_ROCE_DIFFERENCE
HINDUNILVR,2016,63.15228966986155,389.27407407407406,20.2,27.2,0.026928343222272933,0,Consumer Staples,FMCG,42.95228966986156,362.0740740740741,MATERIAL_DIFFERENCE,MATERIAL_DIFFERENCE,ROE_AND_ROCE_DIFFERENCE
HINDUNILVR,2017,66.57769869513642,382.1962683378436,20.2,27.2,0.041073546856465006,0,Consumer Staples,FMCG,46.37769869513642,354.9962683378436,MATERIAL_DIFFERENCE,MATERIAL_DIFFERENCE,ROE_AND_ROCE_DIFFERENCE
HINDUNILVR,2018,71.78958934212334,385.19434143661584,20.2,27.2,0.0,0,Consumer Staples,FMCG,51.58958934212333,357.99434143661585,MATERIAL_DIFFERENCE,MATERIAL_DIFFERENCE,ROE_AND_ROCE_DIFFERENCE
HINDUNILVR,2019,77.03063429515699,381.9984935977906,20.2,27.2,0.01258421253336723,0,Consumer Staples,FMCG,56.83063429515698,354.79849359779064,MATERIAL_DIFFERENCE,MATERIAL_DIFFERENCE,ROE_AND_ROCE_DIFFERENCE
HINDUNILVR,2020,82.09989063069631,363.61647830842145,20.2,27.2,0.0,0,Consumer Staples,FMCG,61.899890630696305,336.41647830842146,MATERIAL_DIFFERENCE,MATERIAL_DIFFERENCE,ROE_AND_ROCE_DIFFERENCE
HINDUNILVR,2021,16.778537567646936,74.25850568444015,20.2,27.2,0.0,0,Consumer Staples,FMCG,3.4214624323530636,47.05850568444015,WITHIN_5_PERCENTAGE_POINTS,MATERIAL_DIFFERENCE,ROCE_SOURCE_ANOMALY
HINDUNILVR,2022,18.12437577709382,79.0136516046623,20.2,27.2,0.02125924869040582,0,Consumer Staples,FMCG,2.0756242229061783,51.8136516046623,WITHIN_5_PERCENTAGE_POINTS,MATERIAL_DIFFERENCE,ROCE_SOURCE_ANOMALY
HINDUNILVR,2023,20.16340648854962,90.12091687207655,20.2,27.2,0.024232665394402036,0,Consumer Staples,FMCG,0.03659351145038059,62.920916872076546,WITHIN_5_PERCENTAGE_POINTS,MATERIAL_DIFFERENCE,ROCE_SOURCE_ANOMALY
HINDUNILVR,2024,20.249724279187017,90.1005207240544,20.2,27.2,0.03251536158815188,0,Consumer Staples,FMCG,0.04972427918701783,62.9005207240544,WITHIN_5_PERCENTAGE_POINTS,MATERIAL_DIFFERENCE,ROCE_SOURCE_ANOMALY
ICICIBANK,2016,11.610757509749126,6.825276984610079,18.8,7.6,7.1347132641242785,0,Financials,Private Banks,7.189242490250875,0.7747230153899203,MODERATE_DIFFERENCE,WITHIN_5_PERCENTAGE_POINTS,ROE_SOURCE_ANOMALY
ICICIBANK,2017,10.837984555394144,7.9255772148190085,18.8,7.6,6.698467008181054,0,Financials,Private Banks,7.962015444605857,0.3255772148190088,MODERATE_DIFFERENCE,WITHIN_5_PERCENTAGE_POINTS,ROE_SOURCE_ANOMALY
ICICIBANK,2018,8.225616921269095,7.863879683915371,18.8,7.6,7.368688420862334,0,Financials,Private Banks,10.574383078730905,0.26387968391537164,MATERIAL_DIFFERENCE,WITHIN_5_PERCENTAGE_POINTS,ROE_SOURCE_ANOMALY
ICICIBANK,2019,4.979300324717951,8.328412337681703,18.8,7.6,7.804092671527225,0,Financials,Private Banks,13.82069967528205,0.7284123376817035,MATERIAL_DIFFERENCE,WITHIN_5_PERCENTAGE_POINTS,ROE_SOURCE_ANOMALY
ICICIBANK,2020,9.128985035783995,7.503630462835664,18.8,7.6,8.251756668835394,0,Financials,Private Banks,9.671014964216006,0.09636953716433538,MODERATE_DIFFERENCE,WITHIN_5_PERCENTAGE_POINTS,ROE_SOURCE_ANOMALY
ICICIBANK,2021,12.922385729787356,7.238548088791504,18.8,7.6,7.004638707507599,0,Financials,Private Banks,5.877614270212645,0.36145191120849596,MODERATE_DIFFERENCE,WITHIN_5_PERCENTAGE_POINTS,ROE_SOURCE_ANOMALY
ICICIGI,2013,18.877005347593585,224.11764705882354,17.0,22.5,0.0,0,Financials,General Insurance,1.8770053475935846,201.61764705882354,WITHIN_5_PERCENTAGE_POINTS,MATERIAL_DIFFERENCE,ROCE_SOURCE_ANOMALY
ICICIGI,2014,21.72096908939014,191.2280701754386,17.0,22.5,0.0,0,Financials,General Insurance,4.720969089390142,168.7280701754386,WITHIN_5_PERCENTAGE_POINTS,MATERIAL_DIFFERENCE,ROCE_SOURCE_ANOMALY
ICICIGI,2015,20.27027027027027,154.4005544005544,17.0,22.5,0.0,0,Financials,General Insurance,3.27027027027027,131.9005544005544,WITHIN_5_PERCENTAGE_POINTS,MATERIAL_DIFFERENCE,ROCE_SOURCE_ANOMALY
ICICIGI,2016,15.66265060240964,162.77417361754712,17.0,22.5,0.0,0,Financials,General Insurance,1.3373493975903603,140.27417361754712,WITHIN_5_PERCENTAGE_POINTS,MATERIAL_DIFFERENCE,ROCE_SOURCE_ANOMALY
ICICIGI,2017,17.9953857985132,150.5015959872321,17.0,22.5,0.12432709561650859,0,Financials,General Insurance,0.9953857985132011,128.0015959872321,WITHIN_5_PERCENTAGE_POINTS,MATERIAL_DIFFERENCE,ROCE_SOURCE_ANOMALY
ICICIGI,2018,18.982602950891874,142.73776362912852,17.0,22.5,0.1068046685752037,0,Financials,General Insurance,1.9826029508918737,120.23776362912852,WITHIN_5_PERCENTAGE_POINTS,MATERIAL_DIFFERENCE,ROCE_SOURCE_ANOMALY
ICICIGI,2019,19.425925925925927,161.32540356839422,17.0,22.5,0.08981481481481482,0,Financials,General Insurance,2.4259259259259274,138.82540356839422,WITHIN_5_PERCENTAGE_POINTS,MATERIAL_DIFFERENCE,ROCE_SOURCE_ANOMALY
ICICIGI,2020,19.46527551353114,147.22767789696329,17.0,22.5,0.07906749266384089,0,Financials,General Insurance,2.4652755135311395,124.72767789696329,WITHIN_5_PERCENTAGE_POINTS,MATERIAL_DIFFERENCE,ROCE_SOURCE_ANOMALY
ICICIGI,2021,19.38412949072246,124.8144482929243,17.0,22.5,0.06382418739307803,0,Financials,General Insurance,2.3841294907224615,102.3144482929243,WITHIN_5_PERCENTAGE_POINTS,MATERIAL_DIFFERENCE,ROCE_SOURCE_ANOMALY
ICICIGI,2022,13.8257369737844,158.86960203217612,17.0,22.5,0.02773849668225824,0,Financials,General Insurance,3.1742630262156,136.36960203217612,WITHIN_5_PERCENTAGE_POINTS,MATERIAL_DIFFERENCE,ROCE_SOURCE_ANOMALY
ICICIGI,2023,16.554959785522787,158.5265769634507,17.0,22.5,0.003351206434316354,0,Financials,General Insurance,0.4450402144772134,136.0265769634507,WITHIN_5_PERCENTAGE_POINTS,MATERIAL_DIFFERENCE,ROCE_SOURCE_ANOMALY
ICICIGI,2024,14.084403669724772,131.44954128440367,17.0,22.5,0.0,0,Financials,General Insurance,2.9155963302752284,108.94954128440367,WITHIN_5_PERCENTAGE_POINTS,MATERIAL_DIFFERENCE,ROCE_SOURCE_ANOMALY
ICICIPRULI,2013,38.24791719262812,486.74577126988135,8.07,8.75,0.0,0,Financials,Life Insurance,30.177917192628122,477.99577126988135,MATERIAL_DIFFERENCE,MATERIAL_DIFFERENCE,ROE_AND_ROCE_DIFFERENCE
ICICIPRULI,2014,35.614875655943415,465.06958704083956,8.07,8.75,0.0,0,Financials,Life Insurance,27.544875655943414,456.31958704083956,MATERIAL_DIFFERENCE,MATERIAL_DIFFERENCE,ROE_AND_ROCE_DIFFERENCE
ICICIPRULI,2015,31.14909781576448,622.9439696106363,8.07,8.75,0.0,0,Financials,Life Insurance,23.07909781576448,614.1939696106363,MATERIAL_DIFFERENCE,MATERIAL_DIFFERENCE,ROE_AND_ROCE_DIFFERENCE
ICICIPRULI,2016,30.99755776817584,299.24433249370276,8.07,8.75,0.19331204208153296,0,Financials,Life Insurance,22.92755776817584,290.49433249370276,MATERIAL_DIFFERENCE,MATERIAL_DIFFERENCE,ROE_AND_ROCE_DIFFERENCE
ICICIPRULI,2017,26.256634405245084,562.1292538245395,8.07,8.75,0.0,0,Financials,Life Insurance,18.186634405245083,553.3792538245395,MATERIAL_DIFFERENCE,MATERIAL_DIFFERENCE,ROE_AND_ROCE_DIFFERENCE
ICICIPRULI,2018,24.627319744447824,563.7663522969273,8.07,8.75,0.0,0,Financials,Life Insurance,16.557319744447824,555.0163522969273,MATERIAL_DIFFERENCE,MATERIAL_DIFFERENCE,ROE_AND_ROCE_DIFFERENCE
ICICIPRULI,2019,16.57691747926066,595.5756076262553,8.07,8.75,0.0,0,Financials,Life Insurance,8.506917479260661,586.8256076262553,MODERATE_DIFFERENCE,MATERIAL_DIFFERENCE,ROE_AND_ROCE_DIFFERENCE
ICICIPRULI,2020,14.792735338971303,295.910162207126,8.07,8.75,0.0,0,Financials,Life Insurance,6.722735338971303,287.160162207126,MODERATE_DIFFERENCE,MATERIAL_DIFFERENCE,ROE_AND_ROCE_DIFFERENCE
ICICIPRULI,2021,10.495114721703809,810.6702880977787,8.07,8.75,0.1317378416950269,0,Financials,Life Insurance,2.4251147217038085,801.9202880977787,WITHIN_5_PERCENTAGE_POINTS,MATERIAL_DIFFERENCE,ROCE_SOURCE_ANOMALY
ICICIPRULI,2022,8.287835772002621,634.5626568835683,8.07,8.75,0.1310329766324525,0,Financials,Life Insurance,0.21783577200262094,625.8126568835683,WITHIN_5_PERCENTAGE_POINTS,MATERIAL_DIFFERENCE,ROCE_SOURCE_ANOMALY
ICICIPRULI,2023,8.057482656095145,462.66607617360495,8.07,8.75,0.11892963330029732,0,Financials,Life Insurance,0.012517343904855593,453.91607617360495,WITHIN_5_PERCENTAGE_POINTS,MATERIAL_DIFFERENCE,ROCE_SOURCE_ANOMALY
ICICIPRULI,2024,7.352687057197166,796.0601347848626,8.07,8.75,0.0,0,Financials,Life Insurance,0.7173129428028346,787.3101347848626,WITHIN_5_PERCENTAGE_POINTS,MATERIAL_DIFFERENCE,ROCE_SOURCE_ANOMALY
INDIGO,2013,17886.363636363636,54207.792207792205,,24.5,2.5,0,Consumer Discretionary,Airlines,,54183.292207792205,SOURCE_OR_CALCULATED_VALUE_UNAVAILABLE,MATERIAL_DIFFERENCE,ROCE_SOURCE_ANOMALY
INDIGO,2014,10772.727272727272,58065.21739130435,,24.5,3.1818181818181817,0,Consumer Discretionary,Airlines,,58040.71739130435,SOURCE_OR_CALCULATED_VALUE_UNAVAILABLE,MATERIAL_DIFFERENCE,ROCE_SOURCE_ANOMALY
INDIGO,2015,4939.39393939394,39546.05263157895,,24.5,0.15151515151515152,0,Consumer Discretionary,Airlines,,39521.55263157895,SOURCE_OR_CALCULATED_VALUE_UNAVAILABLE,MATERIAL_DIFFERENCE,ROCE_SOURCE_ANOMALY
INDIGO,2016,1534.775888717156,9443.959243085881,,24.5,0.061823802163833076,0,Consumer Discretionary,Airlines,,9419.459243085881,SOURCE_OR_CALCULATED_VALUE_UNAVAILABLE,MATERIAL_DIFFERENCE,ROCE_SOURCE_ANOMALY
INDIGO,2017,1692.8571428571427,10908.0,,24.5,0.5306122448979592,0,Consumer Discretionary,Airlines,,10883.5,SOURCE_OR_CALCULATED_VALUE_UNAVAILABLE,MATERIAL_DIFFERENCE,ROCE_SOURCE_ANOMALY
INDIGO,2018,2242.0,12981.16883116883,,24.5,0.54,0,Consumer Discretionary,Airlines,,12956.66883116883,SOURCE_OR_CALCULATED_VALUE_UNAVAILABLE,MATERIAL_DIFFERENCE,ROCE_SOURCE_ANOMALY
INDIGO,2019,120.93023255813952,13201.84331797235,,24.5,0.6821705426356589,0,Consumer Discretionary,Airlines,,13177.34331797235,SOURCE_OR_CALCULATED_VALUE_UNAVAILABLE,MATERIAL_DIFFERENCE,ROCE_SOURCE_ANOMALY
INDIGO,2020,-138.54748603351956,12475.1968503937,,24.5,0.41899441340782123,0,Consumer Discretionary,Airlines,,12450.6968503937,SOURCE_OR_CALCULATED_VALUE_UNAVAILABLE,MATERIAL_DIFFERENCE,ROCE_SOURCE_ANOMALY
INDIGO,2021,-1094.148936170213,2554.624781849913,,24.5,0.015957446808510637,0,Consumer Discretionary,Airlines,,2530.124781849913,SOURCE_OR_CALCULATED_VALUE_UNAVAILABLE,MATERIAL_DIFFERENCE,ROCE_SOURCE_ANOMALY
INDIGO,2022,-48.769230769230774,3832.779456193354,,24.5,0.018461538461538463,0,Consumer Discretionary,Airlines,,3808.279456193354,SOURCE_OR_CALCULATED_VALUE_UNAVAILABLE,MATERIAL_DIFFERENCE,ROCE_SOURCE_ANOMALY
INDIGO,2023,-40.7979407979408,6074.271229404309,,24.5,0.015444015444015444,0,Consumer Discretionary,Airlines,,6049.771229404309,SOURCE_OR_CALCULATED_VALUE_UNAVAILABLE,MATERIAL_DIFFERENCE,ROCE_SOURCE_ANOMALY
INDIGO,2024,856.9779643231899,5403.186022610484,,24.5,0.02098635886673662,0,Consumer Discretionary,Airlines,,5378.686022610484,SOURCE_OR_CALCULATED_VALUE_UNAVAILABLE,MATERIAL_DIFFERENCE,ROCE_SOURCE_ANOMALY
INDUSINDBK,2013,13.905635648754917,2.7343201415611045,15.2,7.93,8.332372214941023,0,Financials,Private Banks,1.2943643512450826,5.195679858438895,WITHIN_5_PERCENTAGE_POINTS,MODERATE_DIFFERENCE,ROCE_SOURCE_ANOMALY
INDUSINDBK,2021,6.5398362734924484,4.558939619770129,15.2,7.93,7.091617664014758,0,Financials,Private Banks,8.660163726507552,3.3710603802298706,MODERATE_DIFFERENCE,WITHIN_5_PERCENTAGE_POINTS,ROE_SOURCE_ANOMALY
INDUSINDBK,2022,9.667071994632899,4.075090750521607,15.2,7.93,7.149251540945113,0,Financials,Private Banks,5.532928005367101,3.8549092494783928,MODERATE_DIFFERENCE,WITHIN_5_PERCENTAGE_POINTS,ROE_SOURCE_ANOMALY
INFY,2013,24.81707638048113,30.3679528346581,31.8,40.0,0.0,0,Information Technology,IT Services,6.982923619518871,9.632047165341898,MODERATE_DIFFERENCE,MODERATE_DIFFERENCE,ROE_AND_ROCE_DIFFERENCE
INFY,2014,23.92993487536492,30.06961598922075,31.8,40.0,0.0,0,Information Technology,IT Services,7.8700651246350795,9.93038401077925,MODERATE_DIFFERENCE,MODERATE_DIFFERENCE,ROE_AND_ROCE_DIFFERENCE
INFY,2015,24.385052034058656,29.334200567644274,31.8,40.0,0.0,0,Information Technology,IT Services,7.414947965941344,10.665799432355726,MODERATE_DIFFERENCE,MATERIAL_DIFFERENCE,ROE_AND_ROCE_DIFFERENCE
INFY,2016,21.84665716506867,27.66098730240995,31.8,40.0,0.0,0,Information Technology,IT Services,9.95334283493133,12.33901269759005,MODERATE_DIFFERENCE,MATERIAL_DIFFERENCE,ROE_AND_ROCE_DIFFERENCE
INFY,2017,20.80687715635963,26.969354324316484,31.8,40.0,0.0,0,Information Technology,IT Services,10.993122843640371,13.030645675683516,MATERIAL_DIFFERENCE,MATERIAL_DIFFERENCE,ROE_AND_ROCE_DIFFERENCE
INFY,2018,24.689247262141308,28.991266577330066,31.8,40.0,0.0,0,Information Technology,IT Services,7.110752737858693,11.008733422669934,MODERATE_DIFFERENCE,MATERIAL_DIFFERENCE,ROE_AND_ROCE_DIFFERENCE
INFY,2019,23.726673646609594,31.055613721746628,31.8,40.0,0.0,0,Information Technology,IT Services,8.073326353390406,8.944386278253372,MODERATE_DIFFERENCE,MODERATE_DIFFERENCE,ROE_AND_ROCE_DIFFERENCE
INFY,2020,25.422459893048128,31.772327097869667,31.8,40.0,0.0707868601986249,0,Information Technology,IT Services,6.377540106951873,8.227672902130333,MODERATE_DIFFERENCE,MODERATE_DIFFERENCE,ROE_AND_ROCE_DIFFERENCE
INFY,2021,25.43909051616875,34.14589353053529,31.8,40.0,0.06974368377624393,0,Information Technology,IT Services,6.36090948383125,5.8541064694647105,MODERATE_DIFFERENCE,MODERATE_DIFFERENCE,ROE_AND_ROCE_DIFFERENCE
IOC,2013,5.753763662610847,9.076800167640203,25.44,21.31,1.422513761758967,0,Energy,Oil & Gas Refining,19.686236337389154,12.233199832359796,MATERIAL_DIFFERENCE,MATERIAL_DIFFERENCE,ROE_AND_ROCE_DIFFERENCE
IOC,2014,10.258713353849778,10.576740015599187,25.44,21.31,1.39761165019952,0,Energy,Oil & Gas Refining,15.181286646150223,10.733259984400812,MATERIAL_DIFFERENCE,MATERIAL_DIFFERENCE,ROE_AND_ROCE_DIFFERENCE
IOC,2015,7.078103207810321,7.908020190689849,25.44,21.31,0.942773709902371,0,Energy,Oil & Gas Refining,18.36189679218968,13.401979809310149,MATERIAL_DIFFERENCE,MATERIAL_DIFFERENCE,ROE_AND_ROCE_DIFFERENCE
IOC,2016,13.79528784174261,14.837206797188484,25.44,21.31,0.6507223827517226,0,Energy,Oil & Gas Refining,11.644712158257391,6.4727932028115145,MATERIAL_DIFFERENCE,MODERATE_DIFFERENCE,ROE_AND_ROCE_DIFFERENCE
IOC,2017,19.966502115655853,20.650432069276217,25.44,21.31,0.6197206550697383,0,Energy,Oil & Gas Refining,5.473497884344148,0.6595679307237816,MODERATE_DIFFERENCE,WITHIN_5_PERCENTAGE_POINTS,ROE_SOURCE_ANOMALY
IOC,2018,19.869329258654304,23.204696865043115,25.44,21.31,0.5765143931011468,0,Energy,Oil & Gas Refining,5.5706707413456975,1.894696865043116,MODERATE_DIFFERENCE,WITHIN_5_PERCENTAGE_POINTS,ROE_SOURCE_ANOMALY
IOC,2019,15.358898896584835,16.852901536079223,25.44,21.31,0.8603704131805209,0,Energy,Oil & Gas Refining,10.081101103415167,4.457098463920776,MATERIAL_DIFFERENCE,WITHIN_5_PERCENTAGE_POINTS,ROE_SOURCE_ANOMALY
IOC,2020,-1.9664982494391918,7.1287102332273475,25.44,21.31,1.3605107025304515,0,Energy,Oil & Gas Refining,27.406498249439192,14.18128976677265,MATERIAL_DIFFERENCE,MATERIAL_DIFFERENCE,ROE_AND_ROCE_DIFFERENCE
IOC,2021,19.458502476796795,17.47539247309475,25.44,21.31,1.043017578998194,0,Energy,Oil & Gas Refining,5.981497523203206,3.8346075269052484,MODERATE_DIFFERENCE,WITHIN_5_PERCENTAGE_POINTS,ROE_SOURCE_ANOMALY
IOC,2022,19.266110008611975,17.984221724313233,25.44,21.31,0.9886546598270116,0,Energy,Oil & Gas Refining,6.173889991388027,3.3257782756867655,MODERATE_DIFFERENCE,WITHIN_5_PERCENTAGE_POINTS,ROE_SOURCE_ANOMALY
IOC,2023,8.37669355358178,10.628061157333962,25.44,21.31,1.0662463051366653,0,Energy,Oil & Gas Refining,17.06330644641822,10.681938842666037,MATERIAL_DIFFERENCE,MATERIAL_DIFFERENCE,ROE_AND_ROCE_DIFFERENCE
IRCTC,2015,29.504504504504503,34.234234234234236,40.4,53.8,0.0,0,Consumer Discretionary,Travel & Tourism,10.895495495495496,19.56576576576576,MATERIAL_DIFFERENCE,MATERIAL_DIFFERENCE,ROE_AND_ROCE_DIFFERENCE
IRCTC,2016,34.87084870848708,35.05535055350554,40.4,53.8,0.0,0,Consumer Discretionary,Travel & Tourism,5.5291512915129175,18.744649446494456,MODERATE_DIFFERENCE,MATERIAL_DIFFERENCE,ROE_AND_ROCE_DIFFERENCE
IRCTC,2017,29.09783989834816,39.898348157560356,40.4,53.8,0.0,0,Consumer Discretionary,Travel & Tourism,11.30216010165184,13.901651842439641,MATERIAL_DIFFERENCE,MATERIAL_DIFFERENCE,ROE_AND_ROCE_DIFFERENCE
IRCTC,2018,23.141361256544503,28.691099476439792,40.4,53.8,0.0,0,Consumer Discretionary,Travel & Tourism,17.258638743455496,25.108900523560205,MATERIAL_DIFFERENCE,MATERIAL_DIFFERENCE,ROE_AND_ROCE_DIFFERENCE
IRCTC,2019,28.851540616246496,35.7609710550887,40.4,53.8,0.0,0,Consumer Discretionary,Travel & Tourism,11.548459383753503,18.039028944911294,MATERIAL_DIFFERENCE,MATERIAL_DIFFERENCE,ROE_AND_ROCE_DIFFERENCE
IRCTC,2021,12.843406593406591,12.247557003257329,40.4,53.8,0.05425824175824176,0,Consumer Discretionary,Travel & Tourism,27.556593406593407,41.55244299674267,MATERIAL_DIFFERENCE,MATERIAL_DIFFERENCE,ROE_AND_ROCE_DIFFERENCE
IRCTC,2022,35.294117647058826,44.25316455696203,40.4,53.8,0.05614973262032086,0,Consumer Discretionary,Travel & Tourism,5.1058823529411725,9.54683544303797,MODERATE_DIFFERENCE,MODERATE_DIFFERENCE,ROE_AND_ROCE_DIFFERENCE
IRCTC,2024,31.535623048538174,41.12201963534362,40.4,53.8,0.011921657678115243,0,Consumer Discretionary,Travel & Tourism,8.864376951461825,12.677980364656378,MODERATE_DIFFERENCE,MATERIAL_DIFFERENCE,ROE_AND_ROCE_DIFFERENCE
IRFC,2013,8.163903659680951,8.485425269007015,13.7,5.73,9.188770722552393,0,Financials,Speciality Finance,5.536096340319048,2.7554252690070147,MODERATE_DIFFERENCE,WITHIN_5_PERCENTAGE_POINTS,ROE_SOURCE_ANOMALY
IRFC,2016,7.366594360086768,7.541301450094923,13.7,5.73,7.592451193058569,0,Financials,Speciality Finance,6.333405639913232,1.8113014500949225,MODERATE_DIFFERENCE,WITHIN_5_PERCENTAGE_POINTS,ROE_SOURCE_ANOMALY
IRFC,2017,7.7775002081772,7.618830444917402,13.7,5.73,8.85960529602798,0,Financials,Speciality Finance,5.9224997918227995,1.8888304449174012,MODERATE_DIFFERENCE,WITHIN_5_PERCENTAGE_POINTS,ROE_SOURCE_ANOMALY
ITC,2013,33.26712151308403,48.241616509028376,29.47,34.76,0.0044045254339753,0,Consumer Staples,Diversified FMCG,3.7971215130840292,13.481616509028377,WITHIN_5_PERCENTAGE_POINTS,MATERIAL_DIFFERENCE,ROCE_SOURCE_ANOMALY
ITC,2014,33.04695818188493,47.599985443429524,29.47,34.76,0.00888497264750156,0,Consumer Staples,Diversified FMCG,3.576958181884933,12.839985443429526,WITHIN_5_PERCENTAGE_POINTS,MATERIAL_DIFFERENCE,ROCE_SOURCE_ANOMALY
ITC,2015,30.813587093521555,44.53054210279644,29.47,34.76,0.008476178472397277,0,Consumer Staples,Diversified FMCG,1.3435870935215561,9.77054210279644,WITHIN_5_PERCENTAGE_POINTS,MODERATE_DIFFERENCE,ROCE_SOURCE_ANOMALY
ITC,2016,22.261012183692596,33.97951548031054,29.47,34.76,0.0019681349578256793,0,Consumer Staples,Diversified FMCG,7.208987816307403,0.780484519689459,MODERATE_DIFFERENCE,WITHIN_5_PERCENTAGE_POINTS,ROE_SOURCE_ANOMALY
ITC,2017,22.57341693060134,33.298176887147804,29.47,34.76,0.0009911016310085537,0,Consumer Staples,Diversified FMCG,6.896583069398659,1.4618231128521941,MODERATE_DIFFERENCE,WITHIN_5_PERCENTAGE_POINTS,ROE_SOURCE_ANOMALY
ITC,2018,21.88725956960579,31.4410231035664,29.47,34.76,0.0006855836983431727,0,Consumer Staples,Diversified FMCG,7.58274043039421,3.318976896433597,MODERATE_DIFFERENCE,WITHIN_5_PERCENTAGE_POINTS,ROE_SOURCE_ANOMALY
ITC,2019,21.70406317106576,31.33684957906481,29.47,34.76,0.00021981366564650582,0,Consumer Staples,Diversified FMCG,7.76593682893424,3.423150420935187,MODERATE_DIFFERENCE,WITHIN_5_PERCENTAGE_POINTS,ROE_SOURCE_ANOMALY
ITC,2020,23.88889740015014,29.510297482837526,29.47,34.76,0.004243714859130115,0,Consumer Staples,Diversified FMCG,5.58110259984986,5.249702517162472,MODERATE_DIFFERENCE,MODERATE_DIFFERENCE,ROE_AND_ROCE_DIFFERENCE
ITC,2021,22.17674449434106,28.151704114289483,29.47,34.76,0.004490695477819941,0,Consumer Staples,Diversified FMCG,7.293255505658937,6.608295885710515,MODERATE_DIFFERENCE,MODERATE_DIFFERENCE,ROE_AND_ROCE_DIFFERENCE
JINDALSTEL,2014,8.385670057496682,9.832479907762217,14.1,13.2,1.6084918177797434,0,Materials,Steel,5.714329942503317,3.3675200922377826,MODERATE_DIFFERENCE,WITHIN_5_PERCENTAGE_POINTS,ROE_SOURCE_ANOMALY
JINDALSTEL,2015,-6.900484744796122,8.211231835054026,14.1,13.2,2.162389506700884,0,Materials,Steel,21.000484744796122,4.988768164945974,MATERIAL_DIFFERENCE,WITHIN_5_PERCENTAGE_POINTS,ROE_SOURCE_ANOMALY
JINDALSTEL,2016,-9.517203107658158,4.337839031716582,14.1,13.2,1.4427487976322604,0,Materials,Steel,23.617203107658156,8.862160968283417,MATERIAL_DIFFERENCE,MODERATE_DIFFERENCE,ROE_AND_ROCE_DIFFERENCE
JINDALSTEL,2017,-8.44564240790656,6.204134332880989,14.1,13.2,1.5257395760540415,0,Materials,Steel,22.54564240790656,6.99586566711901,MATERIAL_DIFFERENCE,MODERATE_DIFFERENCE,ROE_AND_ROCE_DIFFERENCE
JINDALSTEL,2018,-5.3184136909659365,8.819719961279942,14.1,13.2,1.413921342767813,0,Materials,Steel,19.418413690965934,4.380280038720057,MATERIAL_DIFFERENCE,WITHIN_5_PERCENTAGE_POINTS,ROE_SOURCE_ANOMALY
JINDALSTEL,2019,-7.517531556802244,11.741387973870806,14.1,13.2,1.2329437431821724,0,Materials,Steel,21.617531556802245,1.4586120261291935,MATERIAL_DIFFERENCE,WITHIN_5_PERCENTAGE_POINTS,ROE_SOURCE_ANOMALY
JINDALSTEL,2020,-1.2446712512057752,9.905598816722495,14.1,13.2,1.1458443538600367,0,Materials,Steel,15.344671251205774,3.294401183277504,MATERIAL_DIFFERENCE,WITHIN_5_PERCENTAGE_POINTS,ROE_SOURCE_ANOMALY
JINDALSTEL,2022,18.992280701754385,31.581411443808904,14.1,13.2,0.37900350877192984,0,Materials,Steel,4.892280701754386,18.381411443808904,WITHIN_5_PERCENTAGE_POINTS,MATERIAL_DIFFERENCE,ROCE_SOURCE_ANOMALY
JINDALSTEL,2023,10.267142045160957,19.210851754521567,14.1,13.2,0.3370536867669095,0,Materials,Steel,3.8328579548390422,6.010851754521568,WITHIN_5_PERCENTAGE_POINTS,MODERATE_DIFFERENCE,ROCE_SOURCE_ANOMALY
JSWENERGY,2013,14.522888459058672,16.892829141788795,8.4,8.59,1.6726305609284333,0,Energy,Power & Utilities,6.122888459058672,8.302829141788795,MODERATE_DIFFERENCE,MODERATE_DIFFERENCE,ROE_AND_ROCE_DIFFERENCE
JSWENERGY,2014,11.565971693806118,19.51789890268034,8.4,8.59,1.5379698676000608,0,Energy,Power & Utilities,3.1659716938061173,10.92789890268034,WITHIN_5_PERCENTAGE_POINTS,MATERIAL_DIFFERENCE,ROCE_SOURCE_ANOMALY
JSWENERGY,2015,18.063314711359403,21.556031406138473,8.4,8.59,1.2362330407023145,0,Energy,Power & Utilities,9.663314711359403,12.966031406138473,MODERATE_DIFFERENCE,MATERIAL_DIFFERENCE,ROE_AND_ROCE_DIFFERENCE
JSWENERGY,2016,15.045342126957955,16.40071643735244,8.4,8.59,1.5315333882934872,0,Energy,Power & Utilities,6.645342126957955,7.81071643735244,MODERATE_DIFFERENCE,MODERATE_DIFFERENCE,ROE_AND_ROCE_DIFFERENCE
JSWENERGY,2018,0.7650765076507651,11.799243247945027,8.4,8.59,1.0695769576957697,0,Energy,Power & Utilities,7.634923492349236,3.209243247945027,MODERATE_DIFFERENCE,WITHIN_5_PERCENTAGE_POINTS,ROE_SOURCE_ANOMALY
JSWENERGY,2020,9.282156963764383,13.762449967420645,8.4,8.59,0.844925296239052,0,Energy,Power & Utilities,0.8821569637643822,5.172449967420645,WITHIN_5_PERCENTAGE_POINTS,MODERATE_DIFFERENCE,ROCE_SOURCE_ANOMALY
JSWSTEEL,2013,5.443891004980955,16.831222538123548,11.66,13.36,1.2672135950776442,0,Materials,Steel,6.216108995019045,3.4712225381235484,MODERATE_DIFFERENCE,WITHIN_5_PERCENTAGE_POINTS,ROE_SOURCE_ANOMALY
JSWSTEEL,2014,1.8985548313969962,16.170790638613074,11.66,13.36,1.6778596391801266,0,Materials,Steel,9.761445168603004,2.8107906386130743,MODERATE_DIFFERENCE,WITHIN_5_PERCENTAGE_POINTS,ROE_SOURCE_ANOMALY
JSWSTEEL,2016,-2.536117262469683,10.498610429949322,11.66,13.36,2.225245175577349,0,Materials,Steel,14.196117262469683,2.8613895700506777,MATERIAL_DIFFERENCE,WITHIN_5_PERCENTAGE_POINTS,ROE_SOURCE_ANOMALY
JSWSTEEL,2017,15.30887093213229,18.653854897622043,11.66,13.36,1.9134543206605732,0,Materials,Steel,3.64887093213229,5.293854897622044,WITHIN_5_PERCENTAGE_POINTS,MODERATE_DIFFERENCE,ROCE_SOURCE_ANOMALY
JSWSTEEL,2018,21.83370240731481,22.13351931266786,11.66,13.36,1.4069933566683335,0,Materials,Steel,10.17370240731481,8.773519312667862,MATERIAL_DIFFERENCE,MODERATE_DIFFERENCE,ROE_AND_ROCE_DIFFERENCE
JSWSTEEL,2019,21.623796522488863,23.031718801328612,11.66,13.36,1.3621497341572064,0,Materials,Steel,9.963796522488863,9.671718801328613,MODERATE_DIFFERENCE,MODERATE_DIFFERENCE,ROE_AND_ROCE_DIFFERENCE
JSWSTEEL,2021,16.835600034214355,18.485470336032833,11.66,13.36,1.3341886921563595,0,Materials,Steel,5.175600034214355,5.1254703360328335,MODERATE_DIFFERENCE,MODERATE_DIFFERENCE,ROE_AND_ROCE_DIFFERENCE
JSWSTEEL,2022,31.112828209281247,28.031877535224393,11.66,13.36,1.0734059467732588,0,Materials,Steel,19.452828209281247,14.671877535224393,MATERIAL_DIFFERENCE,MATERIAL_DIFFERENCE,ROE_AND_ROCE_DIFFERENCE
JSWSTEEL,2023,6.300327269959662,12.60337909763354,11.66,13.36,1.2307329324910572,0,Materials,Steel,5.359672730040338,0.7566209023664587,MODERATE_DIFFERENCE,WITHIN_5_PERCENTAGE_POINTS,ROE_SOURCE_ANOMALY
LICI,2019,324.32098765432096,2.1908804600848963,63.61,63.79,332.59382716049384,0,Financials,Life Insurance,260.71098765432095,61.5991195399151,MATERIAL_DIFFERENCE,MATERIAL_DIFFERENCE,ROE_AND_ROCE_DIFFERENCE
LICI,2020,270.45908183632736,-2.7305672599207598,63.61,63.79,252.90818363273453,0,Financials,Life Insurance,206.84908183632734,66.52056725992075,MATERIAL_DIFFERENCE,MATERIAL_DIFFERENCE,ROE_AND_ROCE_DIFFERENCE
LICI,2021,43.201626961069145,-3.6585365853658534,63.61,63.79,0.0005810575246949448,0,Financials,Life Insurance,20.408373038930854,67.44853658536586,MATERIAL_DIFFERENCE,MATERIAL_DIFFERENCE,ROE_AND_ROCE_DIFFERENCE
LICI,2022,36.38207796789557,29.332392627215803,63.61,63.79,8.819897689186806e-05,0,Financials,Life Insurance,27.22792203210443,34.457607372784196,MATERIAL_DIFFERENCE,MATERIAL_DIFFERENCE,ROE_AND_ROCE_DIFFERENCE
LICI,2023,77.85997015119071,73.98827677200268,63.61,63.79,0.0,0,Financials,Life Insurance,14.249970151190709,10.198276772002679,MATERIAL_DIFFERENCE,MATERIAL_DIFFERENCE,ROE_AND_ROCE_DIFFERENCE
LICI,2024,41.906244558927455,33.568875643900995,63.61,63.79,0.00010242018906766902,0,Financials,Life Insurance,21.703755441072545,30.221124356099004,MATERIAL_DIFFERENCE,MATERIAL_DIFFERENCE,ROE_AND_ROCE_DIFFERENCE
LODHA,2011,35.483870967741936,8.04416403785489,10.7,11.1,7.521505376344086,1,Real Estate,Real Estate,24.783870967741937,3.0558359621451103,MATERIAL_DIFFERENCE,WITHIN_5_PERCENTAGE_POINTS,ROE_SOURCE_ANOMALY
LODHA,2012,33.83658969804618,13.444753946146704,10.7,11.1,3.782415630550622,0,Real Estate,Real Estate,23.136589698046183,2.344753946146705,MATERIAL_DIFFERENCE,WITHIN_5_PERCENTAGE_POINTS,ROE_SOURCE_ANOMALY
LODHA,2015,24.225865209471767,9.685725604119899,10.7,11.1,3.5980570734669097,0,Real Estate,Real Estate,13.525865209471768,1.414274395880101,MATERIAL_DIFFERENCE,WITHIN_5_PERCENTAGE_POINTS,ROE_SOURCE_ANOMALY
LODHA,2016,17.694437452806444,11.938454627133872,10.7,11.1,3.4822552227535866,0,Real Estate,Real Estate,6.994437452806444,0.8384546271338724,MODERATE_DIFFERENCE,WITHIN_5_PERCENTAGE_POINTS,ROE_SOURCE_ANOMALY
LODHA,2018,15.411490683229815,6.057332180927687,10.7,11.1,4.3897515527950315,0,Real Estate,Real Estate,4.711490683229815,5.042667819072313,WITHIN_5_PERCENTAGE_POINTS,MODERATE_DIFFERENCE,ROCE_SOURCE_ANOMALY
LODHA,2019,42.80135381411091,10.782850552879724,10.7,11.1,6.675605311116897,1,Real Estate,Real Estate,32.10135381411091,0.3171494471202756,MATERIAL_DIFFERENCE,WITHIN_5_PERCENTAGE_POINTS,ROE_SOURCE_ANOMALY
LODHA,2020,16.300527240773285,8.343852013057672,10.7,11.1,4.047231985940246,0,Real Estate,Real Estate,5.600527240773285,2.7561479869423273,MODERATE_DIFFERENCE,WITHIN_5_PERCENTAGE_POINTS,ROE_SOURCE_ANOMALY
LODHA,2021,1.0437051532941943,6.067918567918568,10.7,11.1,3.9558599695586,0,Real Estate,Real Estate,9.656294846705805,5.032081432081432,MODERATE_DIFFERENCE,MODERATE_DIFFERENCE,ROE_AND_ROCE_DIFFERENCE
LODHA,2023,3.8695411829740185,9.50145007595636,10.7,11.1,0.7154702677090736,0,Real Estate,Real Estate,6.830458817025981,1.59854992404364,MODERATE_DIFFERENCE,WITHIN_5_PERCENTAGE_POINTS,ROE_SOURCE_ANOMALY
LT,2013,395.1456310679612,724.3483788938335,10.49,17.18,0.17475728155339806,0,Industrials,Engineering & Construction,384.65563106796117,707.1683788938335,MATERIAL_DIFFERENCE,MATERIAL_DIFFERENCE,ROE_AND_ROCE_DIFFERENCE
LT,2014,303.41614906832297,818.9534883720929,10.49,17.18,0.06832298136645963,0,Industrials,Engineering & Construction,292.92614906832296,801.773488372093,MATERIAL_DIFFERENCE,MATERIAL_DIFFERENCE,ROE_AND_ROCE_DIFFERENCE
LT,2015,245.11352418558738,698.9304812834224,10.49,17.18,0.10760118460019744,0,Industrials,Engineering & Construction,234.62352418558737,681.7504812834225,MATERIAL_DIFFERENCE,MATERIAL_DIFFERENCE,ROE_AND_ROCE_DIFFERENCE
LT,2016,216.09411764705882,710.3669724770642,10.49,17.18,0.02588235294117647,0,Industrials,Engineering & Construction,205.6041176470588,693.1869724770643,MATERIAL_DIFFERENCE,MATERIAL_DIFFERENCE,ROE_AND_ROCE_DIFFERENCE
LT,2017,206.29770992366412,528.6259541984733,10.49,17.18,0.0,0,Industrials,Engineering & Construction,195.8077099236641,511.4459541984733,MATERIAL_DIFFERENCE,MATERIAL_DIFFERENCE,ROE_AND_ROCE_DIFFERENCE
LT,2018,207.3575129533679,521.0103626943005,10.49,17.18,0.0,0,Industrials,Engineering & Construction,196.86751295336788,503.8303626943005,MATERIAL_DIFFERENCE,MATERIAL_DIFFERENCE,ROE_AND_ROCE_DIFFERENCE
LT,2019,208.80850194154914,467.3206621704476,10.49,17.18,0.0,0,Industrials,Engineering & Construction,198.31850194154913,450.14066217044757,MATERIAL_DIFFERENCE,MATERIAL_DIFFERENCE,ROE_AND_ROCE_DIFFERENCE
LT,2020,201.59141376757955,388.7428752374921,10.49,17.18,0.1687638786084382,0,Industrials,Engineering & Construction,191.10141376757954,371.5628752374921,MATERIAL_DIFFERENCE,MATERIAL_DIFFERENCE,ROE_AND_ROCE_DIFFERENCE
LT,2021,176.90306681270536,289.5581337941249,10.49,17.18,0.1092552026286966,0,Industrials,Engineering & Construction,166.41306681270535,272.3781337941249,MATERIAL_DIFFERENCE,MATERIAL_DIFFERENCE,ROE_AND_ROCE_DIFFERENCE
LT,2022,72.92133258678611,167.15248178193318,10.49,17.18,0.018057110862262037,0,Industrials,Engineering & Construction,62.431332586786105,149.97248178193317,MATERIAL_DIFFERENCE,MATERIAL_DIFFERENCE,ROE_AND_ROCE_DIFFERENCE
LT,2023,75.52434908389586,149.81525395687422,10.49,17.18,0.09287608486017358,0,Industrials,Engineering & Construction,65.03434908389586,132.6352539568742,MATERIAL_DIFFERENCE,MATERIAL_DIFFERENCE,ROE_AND_ROCE_DIFFERENCE
LT,2024,73.76986951364175,127.62275116448014,10.49,17.18,0.11036773428232503,0,Industrials,Engineering & Construction,63.27986951364175,110.44275116448014,MATERIAL_DIFFERENCE,MATERIAL_DIFFERENCE,ROE_AND_ROCE_DIFFERENCE
LTIM,2013,41.97162061239731,55.30832803560076,26.04,34.1,0.17475728155339806,0,Information Technology,IT Services,15.93162061239731,21.208328035600758,MATERIAL_DIFFERENCE,MATERIAL_DIFFERENCE,ROE_AND_ROCE_DIFFERENCE
LTIM,2014,61.86335403726708,66.68604651162791,26.04,34.1,0.06832298136645963,0,Information Technology,IT Services,35.82335403726708,32.586046511627906,MATERIAL_DIFFERENCE,MATERIAL_DIFFERENCE,ROE_AND_ROCE_DIFFERENCE
LTIM,2015,37.95656465942744,44.786096256684495,26.04,34.1,0.10760118460019744,0,Information Technology,IT Services,11.916564659427443,10.686096256684493,MATERIAL_DIFFERENCE,MATERIAL_DIFFERENCE,ROE_AND_ROCE_DIFFERENCE
LTIM,2016,39.34117647058824,47.1559633027523,26.04,34.1,0.02588235294117647,0,Information Technology,IT Services,13.301176470588238,13.055963302752296,MATERIAL_DIFFERENCE,MATERIAL_DIFFERENCE,ROE_AND_ROCE_DIFFERENCE
LTIM,2017,30.884223918575067,39.12213740458015,26.04,34.1,0.0,0,Information Technology,IT Services,4.844223918575068,5.02213740458015,WITHIN_5_PERCENTAGE_POINTS,MODERATE_DIFFERENCE,ROCE_SOURCE_ANOMALY
LTIM,2024,21.755634638196916,27.293705397205247,26.04,34.1,0.11036773428232503,0,Information Technology,IT Services,4.284365361803083,6.806294602794754,WITHIN_5_PERCENTAGE_POINTS,MODERATE_DIFFERENCE,ROCE_SOURCE_ANOMALY
M&M,2013,20.685336405991684,18.729454306377384,17.99,26.98,1.438354791844096,0,Consumer Discretionary,Automobiles,2.695336405991686,8.250545693622616,WITHIN_5_PERCENTAGE_POINTS,MODERATE_DIFFERENCE,ROCE_SOURCE_ANOMALY
M&M,2014,22.11352812459776,17.39234531586688,17.99,26.98,1.5088599991418887,0,Consumer Discretionary,Automobiles,4.123528124597762,9.58765468413312,WITHIN_5_PERCENTAGE_POINTS,MODERATE_DIFFERENCE,ROCE_SOURCE_ANOMALY
M&M,2015,13.075762849518505,13.789047798268724,17.99,26.98,1.4661793711567468,0,Consumer Discretionary,Automobiles,4.914237150481494,13.190952201731276,WITHIN_5_PERCENTAGE_POINTS,MATERIAL_DIFFERENCE,ROCE_SOURCE_ANOMALY
M&M,2016,13.41537067794051,14.81666544198692,17.99,26.98,1.5685112486788464,0,Consumer Discretionary,Automobiles,4.574629322059488,12.16333455801308,WITHIN_5_PERCENTAGE_POINTS,MATERIAL_DIFFERENCE,ROCE_SOURCE_ANOMALY
M&M,2017,13.604002955201826,13.668194550547492,17.99,26.98,1.6375176304654442,0,Consumer Discretionary,Automobiles,4.385997044798172,13.311805449452509,WITHIN_5_PERCENTAGE_POINTS,MATERIAL_DIFFERENCE,ROCE_SOURCE_ANOMALY
M&M,2018,21.63970088375255,14.271686467471648,17.99,26.98,1.52,0,Consumer Discretionary,Automobiles,3.6497008837525513,12.708313532528352,WITHIN_5_PERCENTAGE_POINTS,MATERIAL_DIFFERENCE,ROCE_SOURCE_ANOMALY
M&M,2019,15.0488957807068,13.720890364609179,17.99,26.98,1.771953080059025,0,Consumer Discretionary,Automobiles,2.941104219293198,13.259109635390821,WITHIN_5_PERCENTAGE_POINTS,MATERIAL_DIFFERENCE,ROCE_SOURCE_ANOMALY
M&M,2020,-0.8031224198754034,8.32206847395974,17.99,26.98,2.053891766118742,0,Consumer Discretionary,Automobiles,18.793122419875402,18.657931526040258,MATERIAL_DIFFERENCE,MATERIAL_DIFFERENCE,ROE_AND_ROCE_DIFFERENCE
M&M,2021,3.636188735510557,9.399625226050881,17.99,26.98,1.9389399259294888,0,Consumer Discretionary,Automobiles,14.35381126448944,17.580374773949117,MATERIAL_DIFFERENCE,MATERIAL_DIFFERENCE,ROE_AND_ROCE_DIFFERENCE
M&M,2022,15.391634658234832,11.77201590661279,17.99,26.98,1.6468603442055896,0,Consumer Discretionary,Automobiles,2.5983653417651666,15.20798409338721,WITHIN_5_PERCENTAGE_POINTS,MATERIAL_DIFFERENCE,ROCE_SOURCE_ANOMALY
M&M,2023,20.178831210304086,13.649546136609853,17.99,26.98,1.6365716921548452,0,Consumer Discretionary,Automobiles,2.1888312103040874,13.330453863390147,WITHIN_5_PERCENTAGE_POINTS,MATERIAL_DIFFERENCE,ROCE_SOURCE_ANOMALY
M&M,2024,17.40376159541573,13.28664609866237,17.99,26.98,1.6573146861081955,0,Consumer Discretionary,Automobiles,0.5862384045842681,13.69335390133763,WITHIN_5_PERCENTAGE_POINTS,MATERIAL_DIFFERENCE,ROCE_SOURCE_ANOMALY
MARUTI,2016,17.954664227854717,29.254060362433947,15.75,23.67,0.0075450744708649075,0,Consumer Discretionary,Automobiles,2.2046642278547175,5.584060362433945,WITHIN_5_PERCENTAGE_POINTS,MODERATE_DIFFERENCE,ROCE_SOURCE_ANOMALY
MARUTI,2020,11.490903203610387,14.829525979393916,15.75,23.67,0.0037237164308987513,0,Consumer Discretionary,Automobiles,4.259096796389613,8.840474020606086,WITHIN_5_PERCENTAGE_POINTS,MODERATE_DIFFERENCE,ROCE_SOURCE_ANOMALY
MARUTI,2021,8.359840764937811,10.201349873685004,15.75,23.67,0.010304565627321384,0,Consumer Discretionary,Automobiles,7.390159235062189,13.468650126314998,MODERATE_DIFFERENCE,MATERIAL_DIFFERENCE,ROE_AND_ROCE_DIFFERENCE
MARUTI,2022,7.012090434279725,10.315823454509585,15.75,23.67,0.007698841559286501,0,Consumer Discretionary,Automobiles,8.737909565720276,13.354176545490416,MODERATE_DIFFERENCE,MATERIAL_DIFFERENCE,ROE_AND_ROCE_DIFFERENCE
MARUTI,2023,11.077747989276139,17.300390254192596,15.75,23.67,0.016729222520107237,0,Consumer Discretionary,Automobiles,4.672252010723861,6.369609745807406,WITHIN_5_PERCENTAGE_POINTS,MODERATE_DIFFERENCE,ROCE_SOURCE_ANOMALY
MOTHERSON,2013,19.746614242027086,20.575559571805925,11.8,13.7,2.142420270860638,0,Consumer Discretionary,Auto Ancillaries,7.946614242027085,6.875559571805926,MODERATE_DIFFERENCE,MODERATE_DIFFERENCE,ROE_AND_ROCE_DIFFERENCE
MOTHERSON,2014,37.07333558634674,30.734709578151044,11.8,13.7,1.6356877323420074,0,Consumer Discretionary,Auto Ancillaries,25.273335586346736,17.034709578151045,MATERIAL_DIFFERENCE,MATERIAL_DIFFERENCE,ROE_AND_ROCE_DIFFERENCE
MOTHERSON,2015,38.86883273164862,33.63690124186871,11.8,13.7,1.5436221419975933,0,Consumer Discretionary,Auto Ancillaries,27.068832731648616,19.936901241868714,MATERIAL_DIFFERENCE,MATERIAL_DIFFERENCE,ROE_AND_ROCE_DIFFERENCE
MOTHERSON,2016,40.34569024334774,33.900248423466465,11.8,13.7,1.3802592676825107,0,Consumer Discretionary,Auto Ancillaries,28.54569024334774,20.200248423466466,MATERIAL_DIFFERENCE,MATERIAL_DIFFERENCE,ROE_AND_ROCE_DIFFERENCE
MOTHERSON,2017,26.25725338491296,22.399441490789968,11.8,13.7,1.251088007736944,0,Consumer Discretionary,Auto Ancillaries,14.45725338491296,8.699441490789969,MATERIAL_DIFFERENCE,MODERATE_DIFFERENCE,ROE_AND_ROCE_DIFFERENCE
MOTHERSON,2018,22.865236746256574,25.313456412281564,11.8,13.7,1.0495750708215297,0,Consumer Discretionary,Auto Ancillaries,11.065236746256573,11.613456412281565,MATERIAL_DIFFERENCE,MATERIAL_DIFFERENCE,ROE_AND_ROCE_DIFFERENCE
MOTHERSON,2019,19.13709750980571,23.772058496688448,11.8,13.7,1.0520842834990423,0,Consumer Discretionary,Auto Ancillaries,7.337097509805709,10.072058496688449,MODERATE_DIFFERENCE,MATERIAL_DIFFERENCE,ROE_AND_ROCE_DIFFERENCE
MOTHERSON,2020,11.490986590888909,19.076115915891297,11.8,13.7,1.166503862889619,0,Consumer Discretionary,Auto Ancillaries,0.3090134091110919,5.3761159158912974,WITHIN_5_PERCENTAGE_POINTS,MODERATE_DIFFERENCE,ROCE_SOURCE_ANOMALY
MOTHERSON,2022,5.741208470953954,13.577971081283485,11.8,13.7,0.6863221293957645,0,Consumer Discretionary,Auto Ancillaries,6.058791529046046,0.12202891871651467,MODERATE_DIFFERENCE,WITHIN_5_PERCENTAGE_POINTS,ROE_SOURCE_ANOMALY
NAUKRI,2013,12.5,19.868637110016422,2.44,3.65,0.001644736842105263,0,Communication Services,Internet & Platforms,10.06,16.218637110016424,MATERIAL_DIFFERENCE,MATERIAL_DIFFERENCE,ROE_AND_ROCE_DIFFERENCE
NAUKRI,2014,8.928571428571429,14.413075780089152,2.44,3.65,0.001488095238095238,0,Communication Services,Internet & Platforms,6.488571428571429,10.763075780089151,MODERATE_DIFFERENCE,MATERIAL_DIFFERENCE,ROE_AND_ROCE_DIFFERENCE
NAUKRI,2016,7.647440051847052,5.89378238341969,2.44,3.65,0.0006480881399870382,0,Communication Services,Internet & Platforms,5.207440051847051,2.2437823834196897,MODERATE_DIFFERENCE,WITHIN_5_PERCENTAGE_POINTS,ROE_SOURCE_ANOMALY
NAUKRI,2017,-2.701005025125628,-0.5649717514124294,2.44,3.65,0.000628140703517588,0,Communication Services,Internet & Platforms,5.141005025125628,4.214971751412429,MODERATE_DIFFERENCE,WITHIN_5_PERCENTAGE_POINTS,ROE_SOURCE_ANOMALY
NAUKRI,2018,24.49877750611247,10.703812316715542,2.44,3.65,0.0004889975550122249,0,Communication Services,Internet & Platforms,22.05877750611247,7.0538123167155415,MATERIAL_DIFFERENCE,MODERATE_DIFFERENCE,ROE_AND_ROCE_DIFFERENCE
NAUKRI,2019,23.27959103421156,0.3537735849056604,2.44,3.65,0.00039323633503735744,0,Communication Services,Internet & Platforms,20.83959103421156,3.2962264150943397,MATERIAL_DIFFERENCE,WITHIN_5_PERCENTAGE_POINTS,ROE_SOURCE_ANOMALY
NAUKRI,2020,-11.207289293849659,-15.404929577464788,2.44,3.65,0.03507972665148064,0,Communication Services,Internet & Platforms,13.647289293849658,19.054929577464787,MATERIAL_DIFFERENCE,MATERIAL_DIFFERENCE,ROE_AND_ROCE_DIFFERENCE
NAUKRI,2021,26.278724981467754,1.3550631752426296,2.44,3.65,0.012045959970348406,0,Communication Services,Internet & Platforms,23.838724981467752,2.2949368247573703,MATERIAL_DIFFERENCE,WITHIN_5_PERCENTAGE_POINTS,ROE_SOURCE_ANOMALY
NAUKRI,2022,74.71291033522793,2.577140875996764,2.44,3.65,0.0037118663728105787,0,Communication Services,Internet & Platforms,72.27291033522793,1.072859124003236,MATERIAL_DIFFERENCE,WITHIN_5_PERCENTAGE_POINTS,ROE_SOURCE_ANOMALY
NESTLEIND,2013,47.170608108108105,54.76525161653078,135.61,185.43,0.5021114864864865,0,Consumer Staples,Food Products,88.43939189189192,130.66474838346923,MATERIAL_DIFFERENCE,MATERIAL_DIFFERENCE,ROE_AND_ROCE_DIFFERENCE
NESTLEIND,2014,41.76947479732112,71.36856842842143,135.61,185.43,0.007049700387733521,0,Consumer Staples,Food Products,93.84052520267889,114.06143157157858,MATERIAL_DIFFERENCE,MATERIAL_DIFFERENCE,ROE_AND_ROCE_DIFFERENCE
NESTLEIND,2015,19.985800496982606,54.85008818342152,135.61,185.43,0.006389776357827476,0,Consumer Staples,Food Products,115.62419950301741,130.5799118165785,MATERIAL_DIFFERENCE,MATERIAL_DIFFERENCE,ROE_AND_ROCE_DIFFERENCE
NESTLEIND,2016,30.499695307739184,55.80693815987934,135.61,185.43,0.010054844606946984,0,Consumer Staples,Food Products,105.11030469226083,129.62306184012067,MATERIAL_DIFFERENCE,MATERIAL_DIFFERENCE,ROE_AND_ROCE_DIFFERENCE
NESTLEIND,2017,35.8187134502924,60.6946454413893,135.61,185.43,0.01023391812865497,0,Consumer Staples,Food Products,99.79128654970762,124.73535455861071,MATERIAL_DIFFERENCE,MATERIAL_DIFFERENCE,ROE_AND_ROCE_DIFFERENCE
NESTLEIND,2018,43.75170160631636,70.60409924487594,135.61,185.43,0.00952899537163082,0,Consumer Staples,Food Products,91.85829839368365,114.82590075512407,MATERIAL_DIFFERENCE,MATERIAL_DIFFERENCE,ROE_AND_ROCE_DIFFERENCE
NESTLEIND,2019,102.60688216892598,138.8704318936877,135.61,185.43,0.09854014598540146,0,Consumer Staples,Food Products,33.003117831074036,46.5595681063123,MATERIAL_DIFFERENCE,MATERIAL_DIFFERENCE,ROE_AND_ROCE_DIFFERENCE
NESTLEIND,2020,103.12035661218424,147.83010156971378,135.61,185.43,0.07280832095096583,0,Consumer Staples,Food Products,32.489643387815775,37.59989843028623,MATERIAL_DIFFERENCE,MATERIAL_DIFFERENCE,ROE_AND_ROCE_DIFFERENCE
NESTLEIND,2021,108.83864337101747,161.03074141048825,135.61,185.43,0.1366906474820144,0,Consumer Staples,Food Products,26.771356628982545,24.39925858951176,MATERIAL_DIFFERENCE,MATERIAL_DIFFERENCE,ROE_AND_ROCE_DIFFERENCE
NESTLEIND,2022,97.23464823098821,135.75091575091577,135.61,185.43,0.11020740138267589,0,Consumer Staples,Food Products,38.3753517690118,49.67908424908424,MATERIAL_DIFFERENCE,MATERIAL_DIFFERENCE,ROE_AND_ROCE_DIFFERENCE
NESTLEIND,2023,121.96014640097602,163.77289377289378,135.61,185.43,0.11020740138267589,0,Consumer Staples,Food Products,13.649853599023999,21.657106227106226,MATERIAL_DIFFERENCE,MATERIAL_DIFFERENCE,ROE_AND_ROCE_DIFFERENCE
NESTLEIND,2024,98.57142857142858,133.32568807339447,135.61,185.43,0.09273182957393483,0,Consumer Staples,Food Products,37.03857142857143,52.10431192660553,MATERIAL_DIFFERENCE,MATERIAL_DIFFERENCE,ROE_AND_ROCE_DIFFERENCE
ONGC,2013,15.730882198678275,25.114020806632258,14.32,19.71,0.1356210007342914,0,Energy,Oil & Gas Exploration,1.4108821986782747,5.404020806632257,WITHIN_5_PERCENTAGE_POINTS,MODERATE_DIFFERENCE,ROCE_SOURCE_ANOMALY
ONGC,2016,6.623393693065202,16.08415463146387,14.32,19.71,0.23001405360591262,0,Energy,Oil & Gas Exploration,7.6966063069347985,3.6258453685361296,MODERATE_DIFFERENCE,WITHIN_5_PERCENTAGE_POINTS,ROE_SOURCE_ANOMALY
ONGC,2020,5.585459084171932,15.573395660789593,14.32,19.71,0.6312553631328497,0,Energy,Oil & Gas Exploration,8.734540915828068,4.1366043392104075,MODERATE_DIFFERENCE,WITHIN_5_PERCENTAGE_POINTS,ROE_SOURCE_ANOMALY
ONGC,2021,9.665989383702671,13.968794470420818,14.32,19.71,0.6027079251157339,0,Energy,Oil & Gas Exploration,4.654010616297329,5.741205529579183,WITHIN_5_PERCENTAGE_POINTS,MODERATE_DIFFERENCE,ROCE_SOURCE_ANOMALY
PFC,2013,18.741554054054056,3.669561699754218,19.49,9.96,5.889907094594594,0,Financials,Speciality Finance,0.7484459459459423,6.290438300245783,WITHIN_5_PERCENTAGE_POINTS,MODERATE_DIFFERENCE,ROCE_SOURCE_ANOMALY
PFC,2014,19.845941428675243,4.073643680684599,19.49,9.96,5.785008356950803,0,Financials,Speciality Finance,0.35594142867524425,5.886356319315402,WITHIN_5_PERCENTAGE_POINTS,MODERATE_DIFFERENCE,ROCE_SOURCE_ANOMALY
PFC,2015,18.52457498997254,3.8277794428852987,19.49,9.96,5.794174817191694,0,Financials,Speciality Finance,0.9654250100274595,6.132220557114702,WITHIN_5_PERCENTAGE_POINTS,MODERATE_DIFFERENCE,ROCE_SOURCE_ANOMALY
PFC,2016,17.164427667369825,3.8709186777529916,19.49,9.96,5.569557011213501,0,Financials,Speciality Finance,2.3255723326301734,6.08908132224701,WITHIN_5_PERCENTAGE_POINTS,MODERATE_DIFFERENCE,ROCE_SOURCE_ANOMALY
PFC,2017,6.068666033383091,2.199401262518867,19.49,9.96,5.5093771203691135,0,Financials,Speciality Finance,13.421333966616906,7.760598737481134,MATERIAL_DIFFERENCE,MODERATE_DIFFERENCE,ROE_AND_ROCE_DIFFERENCE
PFC,2018,22.08414921925993,2.4433194382361196,19.49,9.96,11.074735150876135,0,Financials,Speciality Finance,2.5941492192599327,7.516680561763881,WITHIN_5_PERCENTAGE_POINTS,MODERATE_DIFFERENCE,ROCE_SOURCE_ANOMALY
PFC,2019,26.824558052672902,3.03149116362006,19.49,9.96,11.448993017975,0,Financials,Speciality Finance,7.334558052672904,6.92850883637994,MODERATE_DIFFERENCE,MODERATE_DIFFERENCE,ROE_AND_ROCE_DIFFERENCE
PFC,2020,19.18421052631579,2.169171203834287,19.49,9.96,12.076133603238866,0,Financials,Speciality Finance,0.3057894736842073,7.790828796165714,WITHIN_5_PERCENTAGE_POINTS,MODERATE_DIFFERENCE,ROCE_SOURCE_ANOMALY
PFC,2021,25.86272154294272,2.7581411036728487,19.49,9.96,10.855925090921058,0,Financials,Speciality Finance,6.37272154294272,7.201858896327153,MODERATE_DIFFERENCE,MODERATE_DIFFERENCE,ROE_AND_ROCE_DIFFERENCE
PFC,2022,26.18449690272895,3.1875894622974466,19.49,9.96,9.214744126346336,0,Financials,Speciality Finance,6.69449690272895,6.772410537702554,MODERATE_DIFFERENCE,MODERATE_DIFFERENCE,ROE_AND_ROCE_DIFFERENCE
PFC,2023,25.165759642577058,3.172571817132678,19.49,9.96,8.925568573397657,0,Financials,Speciality Finance,5.675759642577059,6.787428182867323,MODERATE_DIFFERENCE,MODERATE_DIFFERENCE,ROE_AND_ROCE_DIFFERENCE
PFC,2024,24.045399196699563,3.2898804793369476,19.49,9.96,8.273331152427167,0,Financials,Speciality Finance,4.555399196699565,6.670119520663054,WITHIN_5_PERCENTAGE_POINTS,MODERATE_DIFFERENCE,ROCE_SOURCE_ANOMALY
PIDILITIND,2016,30.591357088703564,43.15673289183223,22.8,29.7,0.030326004548900682,0,Materials,Specialty Chemicals,7.791357088703563,13.456732891832228,MODERATE_DIFFERENCE,MATERIAL_DIFFERENCE,ROE_AND_ROCE_DIFFERENCE
PIDILITIND,2017,24.863151829443964,35.360044830484725,22.8,29.7,0.028233938346297897,0,Materials,Specialty Chemicals,2.0631518294439637,5.6600448304847255,WITHIN_5_PERCENTAGE_POINTS,MODERATE_DIFFERENCE,ROCE_SOURCE_ANOMALY
PIDILITIND,2018,27.028539451594852,36.25304136253041,22.8,29.7,0.03497481813094572,0,Materials,Specialty Chemicals,4.228539451594852,6.553041362530411,WITHIN_5_PERCENTAGE_POINTS,MODERATE_DIFFERENCE,ROCE_SOURCE_ANOMALY
PNB,2013,812.2977346278317,,8.7,1.63,10.833333333333334,0,Financials,Public Sector Banks,803.5977346278316,,MATERIAL_DIFFERENCE,SOURCE_OR_CALCULATED_VALUE_UNAVAILABLE,ROE_SOURCE_ANOMALY
PNB,2014,393.3618843683083,,8.7,1.63,10.822269807280515,0,Financials,Public Sector Banks,384.66188436830834,,MATERIAL_DIFFERENCE,SOURCE_OR_CALCULATED_VALUE_UNAVAILABLE,ROE_SOURCE_ANOMALY
PNB,2015,223.2425585813806,,8.7,1.63,10.437618746041798,0,Financials,Public Sector Banks,214.5425585813806,,MATERIAL_DIFFERENCE,SOURCE_OR_CALCULATED_VALUE_UNAVAILABLE,ROE_SOURCE_ANOMALY
PNB,2016,-163.56011183597388,,8.7,1.63,12.122087604846225,0,Financials,Public Sector Banks,172.26011183597387,,MATERIAL_DIFFERENCE,SOURCE_OR_CALCULATED_VALUE_UNAVAILABLE,ROE_SOURCE_ANOMALY
PNB,2017,22.212262459662963,,8.7,1.63,6.3637504481893155,0,Financials,Public Sector Banks,13.512262459662963,,MATERIAL_DIFFERENCE,SOURCE_OR_CALCULATED_VALUE_UNAVAILABLE,ROE_SOURCE_ANOMALY
PNB,2018,-184.36596133353632,,8.7,1.63,8.186481960724615,0,Financials,Public Sector Banks,193.0659613335363,,MATERIAL_DIFFERENCE,SOURCE_OR_CALCULATED_VALUE_UNAVAILABLE,ROE_SOURCE_ANOMALY
PNB,2019,-128.4465366509751,,8.7,1.63,9.664963012777404,0,Financials,Public Sector Banks,137.1465366509751,,MATERIAL_DIFFERENCE,SOURCE_OR_CALCULATED_VALUE_UNAVAILABLE,ROE_SOURCE_ANOMALY
PNB,2021,30.393594225780983,,8.7,1.63,6.69831961204466,0,Financials,Public Sector Banks,21.693594225780984,,MATERIAL_DIFFERENCE,SOURCE_OR_CALCULATED_VALUE_UNAVAILABLE,ROE_SOURCE_ANOMALY
PNB,2022,39.87348229772472,,8.7,1.63,5.403632282420161,0,Financials,Public Sector Banks,31.17348229772472,,MATERIAL_DIFFERENCE,SOURCE_OR_CALCULATED_VALUE_UNAVAILABLE,ROE_SOURCE_ANOMALY
PNB,2023,30.667397060166163,,8.7,1.63,4.895553729571807,0,Financials,Public Sector Banks,21.967397060166164,,MATERIAL_DIFFERENCE,SOURCE_OR_CALCULATED_VALUE_UNAVAILABLE,ROE_SOURCE_ANOMALY
PNB,2024,61.320565191187306,,8.7,1.63,3.684256345007701,0,Financials,Public Sector Banks,52.62056519118731,,MATERIAL_DIFFERENCE,SOURCE_OR_CALCULATED_VALUE_UNAVAILABLE,ROE_SOURCE_ANOMALY
POWERGRID,2014,13.107383710876707,10.904152441177954,19.0,13.2,2.427229235114416,0,Energy,Power Transmission,5.892616289123293,2.295847558822045,MODERATE_DIFFERENCE,WITHIN_5_PERCENTAGE_POINTS,ROE_SOURCE_ANOMALY
POWERGRID,2015,13.127292593459766,11.083143998455622,19.0,13.2,2.503785218137829,0,Energy,Power Transmission,5.8727074065402345,2.1168560015443774,MODERATE_DIFFERENCE,WITHIN_5_PERCENTAGE_POINTS,ROE_SOURCE_ANOMALY
POWERGRID,2016,13.552422105981352,11.922761695570927,19.0,13.2,2.468614964748692,0,Energy,Power Transmission,5.447577894018648,1.2772383044290727,MODERATE_DIFFERENCE,WITHIN_5_PERCENTAGE_POINTS,ROE_SOURCE_ANOMALY
POWERGRID,2023,18.57249536289837,18.702329757572894,19.0,13.2,1.5487196781731023,0,Energy,Power Transmission,0.4275046371016309,5.502329757572895,WITHIN_5_PERCENTAGE_POINTS,MODERATE_DIFFERENCE,ROCE_SOURCE_ANOMALY
POWERGRID,2024,16.915957897481018,18.55574037059298,19.0,13.2,1.331378107993613,0,Energy,Power Transmission,2.084042102518982,5.355740370592979,WITHIN_5_PERCENTAGE_POINTS,MODERATE_DIFFERENCE,ROCE_SOURCE_ANOMALY
RECLTD,2018,13.658401865717442,8.13614399358528,22.2,10.0,6.271234810359641,0,Financials,Speciality Finance,8.541598134282557,1.8638560064147196,MODERATE_DIFFERENCE,WITHIN_5_PERCENTAGE_POINTS,ROE_SOURCE_ANOMALY
RECLTD,2019,16.618421814392402,8.502663247188796,22.2,10.0,7.0702541538817805,0,Financials,Speciality Finance,5.581578185607597,1.4973367528112043,MODERATE_DIFFERENCE,WITHIN_5_PERCENTAGE_POINTS,ROE_SOURCE_ANOMALY
RECLTD,2020,14.046388111986891,8.070292148243938,22.2,10.0,8.087945306099387,0,Financials,Speciality Finance,8.153611888013108,1.9297078517560617,MODERATE_DIFFERENCE,WITHIN_5_PERCENTAGE_POINTS,ROE_SOURCE_ANOMALY
SBILIFE,2013,23.026315789473685,15.60672514619883,12.0,13.2,0.0,0,Financials,Life Insurance,11.026315789473685,2.4067251461988306,MATERIAL_DIFFERENCE,WITHIN_5_PERCENTAGE_POINTS,ROE_SOURCE_ANOMALY
SBILIFE,2014,21.69249106078665,15.226460071513706,12.0,13.2,0.0,0,Financials,Life Insurance,9.69249106078665,2.026460071513707,MODERATE_DIFFERENCE,WITHIN_5_PERCENTAGE_POINTS,ROE_SOURCE_ANOMALY
SBILIFE,2015,20.09368836291913,19.57593688362919,12.0,13.2,0.0,0,Financials,Life Insurance,8.093688362919131,6.3759368836291905,MODERATE_DIFFERENCE,MODERATE_DIFFERENCE,ROE_AND_ROCE_DIFFERENCE
SBILIFE,2016,17.832241707162478,19.437988590745828,12.0,13.2,0.0,0,Financials,Life Insurance,5.832241707162478,6.237988590745829,MODERATE_DIFFERENCE,MODERATE_DIFFERENCE,ROE_AND_ROCE_DIFFERENCE
SBILIFE,2017,17.201008645533143,19.236311239193082,12.0,13.2,0.0,0,Financials,Life Insurance,5.201008645533143,6.036311239193083,MODERATE_DIFFERENCE,MODERATE_DIFFERENCE,ROE_AND_ROCE_DIFFERENCE
SBILIFE,2018,17.61642156862745,20.40441176470588,12.0,13.2,0.0,0,Financials,Life Insurance,5.616421568627452,7.204411764705881,MODERATE_DIFFERENCE,MODERATE_DIFFERENCE,ROE_AND_ROCE_DIFFERENCE
SBILIFE,2019,17.51583949313622,19.456177402323124,12.0,13.2,0.0,0,Financials,Life Insurance,5.51583949313622,6.256177402323125,MODERATE_DIFFERENCE,MODERATE_DIFFERENCE,ROE_AND_ROCE_DIFFERENCE
SBILIFE,2022,12.958182756840475,6.281190844949235,12.0,13.2,0.0,0,Financials,Life Insurance,0.9581827568404755,6.918809155050765,WITHIN_5_PERCENTAGE_POINTS,MODERATE_DIFFERENCE,ROCE_SOURCE_ANOMALY
SBILIFE,2023,13.220156706099248,0.937163926870487,12.0,13.2,0.0,0,Financials,Life Insurance,1.2201567060992478,12.262836073129513,WITHIN_5_PERCENTAGE_POINTS,MATERIAL_DIFFERENCE,ROCE_SOURCE_ANOMALY
SBILIFE,2024,11.648932898702258,1.513008180084876,12.0,13.2,0.0,0,Financials,Life Insurance,0.3510671012977422,11.686991819915123,WITHIN_5_PERCENTAGE_POINTS,MATERIAL_DIFFERENCE,ROCE_SOURCE_ANOMALY
SHREECEM,2013,26.11862643080125,30.416991426344502,12.2,14.8,0.3350676378772112,0,Materials,Cement,13.91862643080125,15.616991426344502,MATERIAL_DIFFERENCE,MATERIAL_DIFFERENCE,ROE_AND_ROCE_DIFFERENCE
SHREECEM,2014,16.705582678836763,23.515479614278465,12.2,14.8,0.25472298874973465,0,Materials,Cement,4.505582678836763,8.715479614278465,WITHIN_5_PERCENTAGE_POINTS,MODERATE_DIFFERENCE,ROCE_SOURCE_ANOMALY
SHREECEM,2015,8.074298711144806,21.701921524301632,12.2,14.8,0.17380591357088704,0,Materials,Cement,4.125701288855193,6.901921524301631,WITHIN_5_PERCENTAGE_POINTS,MODERATE_DIFFERENCE,ROCE_SOURCE_ANOMALY
SHREECEM,2017,17.394128345024683,27.95017239461684,12.2,14.8,0.16796570537802027,0,Materials,Cement,5.194128345024684,13.150172394616838,MODERATE_DIFFERENCE,MATERIAL_DIFFERENCE,ROE_AND_ROCE_DIFFERENCE
SHREECEM,2018,15.55580532763853,20.10569105691057,12.2,14.8,0.3824884792626728,0,Materials,Cement,3.3558053276385316,5.305691056910568,WITHIN_5_PERCENTAGE_POINTS,MODERATE_DIFFERENCE,ROCE_SOURCE_ANOMALY
SHREECEM,2019,10.495295212490953,22.422639089305758,12.2,14.8,0.2898355909419915,0,Materials,Cement,1.704704787509046,7.622639089305757,WITHIN_5_PERCENTAGE_POINTS,MODERATE_DIFFERENCE,ROCE_SOURCE_ANOMALY
SHREECEM,2020,11.72450451818665,23.113699049954032,12.2,14.8,0.2388943731490622,0,Materials,Cement,0.4754954818133488,8.313699049954032,WITHIN_5_PERCENTAGE_POINTS,MODERATE_DIFFERENCE,ROCE_SOURCE_ANOMALY
SHREECEM,2021,15.17828148340586,23.20871390480513,12.2,14.8,0.14483340910566994,0,Materials,Cement,2.97828148340586,8.40871390480513,WITHIN_5_PERCENTAGE_POINTS,MODERATE_DIFFERENCE,ROCE_SOURCE_ANOMALY
SHREECEM,2024,8.300205948560754,20.02570808031559,12.2,14.8,0.08055941376502707,0,Materials,Cement,3.8997940514392457,5.225708080315588,WITHIN_5_PERCENTAGE_POINTS,MODERATE_DIFFERENCE,ROCE_SOURCE_ANOMALY
SHRIRAMFIN,2013,19.937312619242302,5.350653177487477,15.9,11.3,4.549741073862088,0,Financials,Consumer Finance,4.037312619242302,5.949346822512524,WITHIN_5_PERCENTAGE_POINTS,MODERATE_DIFFERENCE,ROCE_SOURCE_ANOMALY
SHRIRAMFIN,2014,15.957696827262044,4.240560033941451,15.9,11.3,4.539365452408931,0,Financials,Consumer Finance,0.057696827262043726,7.05943996605855,WITHIN_5_PERCENTAGE_POINTS,MODERATE_DIFFERENCE,ROCE_SOURCE_ANOMALY
SHRIRAMFIN,2015,11.094323332613858,3.0217472882900593,15.9,11.3,5.039391323116771,0,Financials,Consumer Finance,4.805676667386143,8.278252711709941,WITHIN_5_PERCENTAGE_POINTS,MODERATE_DIFFERENCE,ROCE_SOURCE_ANOMALY
SHRIRAMFIN,2016,11.635220125786164,3.0417236433979253,15.9,11.3,4.892885220125786,0,Financials,Consumer Finance,4.264779874213836,8.258276356602074,WITHIN_5_PERCENTAGE_POINTS,MODERATE_DIFFERENCE,ROCE_SOURCE_ANOMALY
SHRIRAMFIN,2017,11.17190257677374,3.0615413277029124,15.9,11.3,4.684080480056477,0,Financials,Consumer Finance,4.728097423226261,8.238458672297089,WITHIN_5_PERCENTAGE_POINTS,MODERATE_DIFFERENCE,ROCE_SOURCE_ANOMALY
SHRIRAMFIN,2018,18.619430241051862,3.9709458260715293,15.9,11.3,5.999342585829072,0,Financials,Consumer Finance,2.719430241051862,7.329054173928471,WITHIN_5_PERCENTAGE_POINTS,MODERATE_DIFFERENCE,ROCE_SOURCE_ANOMALY
SHRIRAMFIN,2019,16.13731754682704,3.6591353235076096,15.9,11.3,5.507360771784752,0,Financials,Consumer Finance,0.23731754682703787,7.6408646764923915,WITHIN_5_PERCENTAGE_POINTS,MODERATE_DIFFERENCE,ROCE_SOURCE_ANOMALY
SHRIRAMFIN,2020,13.84632344835189,3.1583050577176928,15.9,11.3,5.221860875316944,0,Financials,Consumer Finance,2.0536765516481097,8.141694942282308,WITHIN_5_PERCENTAGE_POINTS,MODERATE_DIFFERENCE,ROCE_SOURCE_ANOMALY
SHRIRAMFIN,2021,11.50711424229866,2.652362723466627,15.9,11.3,4.906110420407975,0,Financials,Consumer Finance,4.39288575770134,8.647637276533374,WITHIN_5_PERCENTAGE_POINTS,MODERATE_DIFFERENCE,ROCE_SOURCE_ANOMALY
SHRIRAMFIN,2022,10.427284920482851,2.601088398691651,15.9,11.3,4.401073002490898,0,Financials,Consumer Finance,5.472715079517149,8.69891160130835,MODERATE_DIFFERENCE,MODERATE_DIFFERENCE,ROE_AND_ROCE_DIFFERENCE
SHRIRAMFIN,2023,13.835263835263836,4.236113117074439,15.9,11.3,3.7737175951461666,0,Financials,Consumer Finance,2.064736164736164,7.063886882925562,WITHIN_5_PERCENTAGE_POINTS,MODERATE_DIFFERENCE,ROCE_SOURCE_ANOMALY
SHRIRAMFIN,2024,14.122385096961368,4.0440102685502595,15.9,11.3,3.966636127653077,0,Financials,Consumer Finance,1.7776149030386321,7.255989731449741,WITHIN_5_PERCENTAGE_POINTS,MODERATE_DIFFERENCE,ROCE_SOURCE_ANOMALY
SIEMENS,2011,22.746331236897273,30.686582809224316,19.1,25.6,0.0,0,Industrials,Capital Goods,3.6463312368972716,5.086582809224314,WITHIN_5_PERCENTAGE_POINTS,MODERATE_DIFFERENCE,ROCE_SOURCE_ANOMALY
SIEMENS,2014,13.782857142857145,2.7199999999999998,19.1,25.6,0.0,0,Industrials,Capital Goods,5.317142857142857,22.880000000000003,MODERATE_DIFFERENCE,MATERIAL_DIFFERENCE,ROE_AND_ROCE_DIFFERENCE
SIEMENS,2015,22.94313074066836,19.40879035394788,19.1,25.6,0.004885675200312683,0,Industrials,Capital Goods,3.8431307406683572,6.191209646052123,WITHIN_5_PERCENTAGE_POINTS,MODERATE_DIFFERENCE,ROCE_SOURCE_ANOMALY
SIEMENS,2016,42.83404380420402,14.953134153485648,19.1,25.6,0.003674849331177422,0,Industrials,Capital Goods,23.73404380420402,10.646865846514354,MATERIAL_DIFFERENCE,MATERIAL_DIFFERENCE,ROE_AND_ROCE_DIFFERENCE
SIEMENS,2017,14.785435630689205,13.732119635890767,19.1,25.6,0.0,0,Industrials,Capital Goods,4.314564369310796,11.867880364109235,WITHIN_5_PERCENTAGE_POINTS,MATERIAL_DIFFERENCE,ROCE_SOURCE_ANOMALY
SIEMENS,2018,10.85672972647307,15.98987829859019,19.1,25.6,0.0,0,Industrials,Capital Goods,8.243270273526932,9.610121701409811,MODERATE_DIFFERENCE,MODERATE_DIFFERENCE,ROE_AND_ROCE_DIFFERENCE
SIEMENS,2019,12.144988396507902,16.465907835119904,19.1,25.6,0.0,0,Industrials,Capital Goods,6.9550116034921,9.134092164880098,MODERATE_DIFFERENCE,MODERATE_DIFFERENCE,ROE_AND_ROCE_DIFFERENCE
SIEMENS,2020,8.1015592077539,10.566793088916983,19.1,25.6,0.0,0,Industrials,Capital Goods,10.998440792246102,15.033206911083019,MATERIAL_DIFFERENCE,MATERIAL_DIFFERENCE,ROE_AND_ROCE_DIFFERENCE
SIEMENS,2021,10.52478979414323,14.027630180658873,19.1,25.6,0.0003865854837150865,0,Industrials,Capital Goods,8.575210205856772,11.572369819341128,MODERATE_DIFFERENCE,MATERIAL_DIFFERENCE,ROE_AND_ROCE_DIFFERENCE
SIEMENS,2022,13.290267011197244,15.773405698778834,19.1,25.6,0.015676141257536608,0,Industrials,Capital Goods,5.809732988802757,9.826594301221167,MODERATE_DIFFERENCE,MODERATE_DIFFERENCE,ROE_AND_ROCE_DIFFERENCE
SIEMENS,2023,14.991976770841292,18.752827627808777,19.1,25.6,0.01337204859784519,0,Industrials,Capital Goods,4.108023229158709,6.847172372191224,WITHIN_5_PERCENTAGE_POINTS,MODERATE_DIFFERENCE,ROCE_SOURCE_ANOMALY
SIEMENS,2024,17.698769290877124,19.85162445638271,19.1,25.6,0.018167610861496385,0,Industrials,Capital Goods,1.4012307091228777,5.748375543617293,WITHIN_5_PERCENTAGE_POINTS,MODERATE_DIFFERENCE,ROCE_SOURCE_ANOMALY
SUNPHARMA,2013,23.142094729819878,31.37049180327869,16.7,17.3,0.01734489659773182,0,Healthcare,Pharmaceuticals,6.442094729819878,14.070491803278689,MODERATE_DIFFERENCE,MATERIAL_DIFFERENCE,ROE_AND_ROCE_DIFFERENCE
SUNPHARMA,2014,20.939271255060728,33.21160959878593,16.7,17.3,0.13824561403508773,0,Healthcare,Pharmaceuticals,4.2392712550607285,15.911609598785926,WITHIN_5_PERCENTAGE_POINTS,MATERIAL_DIFFERENCE,ROCE_SOURCE_ANOMALY
SUNPHARMA,2015,21.358920352601608,22.792631518161343,16.7,17.3,0.35088540447772837,0,Healthcare,Pharmaceuticals,4.6589203526016085,5.4926315181613425,WITHIN_5_PERCENTAGE_POINTS,MODERATE_DIFFERENCE,ROCE_SOURCE_ANOMALY
SUNPHARMA,2018,6.634650519392389,11.562865767264215,16.7,17.3,0.2710497468288354,0,Healthcare,Pharmaceuticals,10.06534948060761,5.7371342327357855,MATERIAL_DIFFERENCE,MODERATE_DIFFERENCE,ROE_AND_ROCE_DIFFERENCE
SUNPHARMA,2019,7.747108116593012,12.281647824663445,16.7,17.3,0.25390615566664254,0,Healthcare,Pharmaceuticals,8.952891883406988,5.018352175336556,MODERATE_DIFFERENCE,MODERATE_DIFFERENCE,ROE_AND_ROCE_DIFFERENCE
SUNPHARMA,2020,9.216834198608197,13.03284807764091,16.7,17.3,0.18369601237158953,0,Healthcare,Pharmaceuticals,7.483165801391802,4.267151922359091,MODERATE_DIFFERENCE,WITHIN_5_PERCENTAGE_POINTS,ROE_SOURCE_ANOMALY
SUNPHARMA,2021,4.889912403417773,16.82826035126758,16.7,17.3,0.08327055936982115,0,Healthcare,Pharmaceuticals,11.810087596582227,0.47173964873242014,MATERIAL_DIFFERENCE,WITHIN_5_PERCENTAGE_POINTS,ROE_SOURCE_ANOMALY
SUNPHARMA,2022,7.0587990252233865,20.806880184986106,16.7,17.3,0.02686884255691404,0,Healthcare,Pharmaceuticals,9.641200974776613,3.5068801849861053,MODERATE_DIFFERENCE,WITHIN_5_PERCENTAGE_POINTS,ROE_SOURCE_ANOMALY
TATACONSUM,2016,-0.5922842964623019,4.815155900539403,8.32,10.6,0.21674403713782617,0,Consumer Staples,Food & Beverages,8.912284296462301,5.784844099460597,MODERATE_DIFFERENCE,MODERATE_DIFFERENCE,ROE_AND_ROCE_DIFFERENCE
TATAMOTORS,2013,26.505832026994714,26.924129475769814,49.4,20.1,1.427212583362117,0,Consumer Discretionary,Automobiles,22.894167973005285,6.824129475769812,MATERIAL_DIFFERENCE,MODERATE_DIFFERENCE,ROE_AND_ROCE_DIFFERENCE
TATAMOTORS,2014,21.416377050179864,27.607211317586298,49.4,20.1,0.9243643680263398,0,Consumer Discretionary,Automobiles,27.983622949820134,7.507211317586297,MATERIAL_DIFFERENCE,MODERATE_DIFFERENCE,ROE_AND_ROCE_DIFFERENCE
TATAMOTORS,2015,25.013330489495573,30.21359492423309,49.4,20.1,1.3083431090256301,0,Consumer Discretionary,Automobiles,24.386669510504426,10.113594924233087,MATERIAL_DIFFERENCE,MATERIAL_DIFFERENCE,ROE_AND_ROCE_DIFFERENCE
TATAMOTORS,2016,14.791265579086026,25.88799287987486,49.4,20.1,0.8785084608369642,0,Consumer Discretionary,Automobiles,34.608734420913976,5.78799287987486,MATERIAL_DIFFERENCE,MODERATE_DIFFERENCE,ROE_AND_ROCE_DIFFERENCE
TATAMOTORS,2017,13.015397333884469,21.650593417528867,49.4,20.1,1.3537942199717543,0,Consumer Discretionary,Automobiles,36.384602666115526,1.5505934175288658,MATERIAL_DIFFERENCE,WITHIN_5_PERCENTAGE_POINTS,ROE_SOURCE_ANOMALY
TATAMOTORS,2018,9.526554051221863,17.06168848778054,49.4,20.1,0.9321163599782034,0,Consumer Discretionary,Automobiles,39.873445948778134,3.0383115122194617,MATERIAL_DIFFERENCE,WITHIN_5_PERCENTAGE_POINTS,ROE_SOURCE_ANOMALY
TATAMOTORS,2019,-47.73093604081158,14.826213977421643,49.4,20.1,1.7643197793250136,0,Consumer Discretionary,Automobiles,97.13093604081158,5.273786022578358,MATERIAL_DIFFERENCE,MODERATE_DIFFERENCE,ROE_AND_ROCE_DIFFERENCE
TATAMOTORS,2020,-18.984131010320393,9.574326518228322,49.4,20.1,1.9782812029360008,0,Consumer Discretionary,Automobiles,68.38413101032039,10.52567348177168,MATERIAL_DIFFERENCE,MATERIAL_DIFFERENCE,ROE_AND_ROCE_DIFFERENCE
TATAMOTORS,2021,-24.245660397849658,16.357952760692683,49.4,20.1,2.5726464785418215,0,Consumer Discretionary,Automobiles,73.64566039784965,3.7420472393073183,MATERIAL_DIFFERENCE,WITHIN_5_PERCENTAGE_POINTS,ROE_SOURCE_ANOMALY
TATAMOTORS,2022,-25.378694374004173,12.941730799434584,49.4,20.1,3.2864836965059134,0,Consumer Discretionary,Automobiles,74.77869437400417,7.158269200565417,MATERIAL_DIFFERENCE,MODERATE_DIFFERENCE,ROE_AND_ROCE_DIFFERENCE
TATAMOTORS,2023,5.935307356250828,17.73121185944771,49.4,20.1,2.9591147786946737,0,Consumer Discretionary,Automobiles,43.464692643749174,2.36878814055229,MATERIAL_DIFFERENCE,WITHIN_5_PERCENTAGE_POINTS,ROE_SOURCE_ANOMALY
TATAMOTORS,2024,31.472759296273573,28.67767122165974,49.4,20.1,1.0542934040489995,0,Consumer Discretionary,Automobiles,17.927240703726426,8.577671221659738,MATERIAL_DIFFERENCE,MODERATE_DIFFERENCE,ROE_AND_ROCE_DIFFERENCE
TATAPOWER,2013,0.9971625456019456,11.141645259573451,11.3,11.1,3.0710985002026754,0,Energy,Power & Utilities,10.302837454398055,0.041645259573451554,MATERIAL_DIFFERENCE,WITHIN_5_PERCENTAGE_POINTS,ROE_SOURCE_ANOMALY
TATAPOWER,2014,0.0967663898072736,13.15479134172785,11.3,11.1,3.2394968147730023,0,Energy,Power & Utilities,11.203233610192727,2.054791341727851,MATERIAL_DIFFERENCE,WITHIN_5_PERCENTAGE_POINTS,ROE_SOURCE_ANOMALY
TATAPOWER,2015,3.1917865623690456,11.47200728265817,11.3,11.1,2.836080458164548,0,Energy,Power & Utilities,8.108213437630955,0.3720072826581706,MODERATE_DIFFERENCE,WITHIN_5_PERCENTAGE_POINTS,ROE_SOURCE_ANOMALY
TATAPOWER,2016,6.7566405914209575,4.169803098133988,11.3,11.1,3.3395512765408752,0,Energy,Power & Utilities,4.543359408579043,6.930196901866012,WITHIN_5_PERCENTAGE_POINTS,MODERATE_DIFFERENCE,ROCE_SOURCE_ANOMALY
TATAPOWER,2018,15.921702542837979,3.5314211854496214,11.3,11.1,2.962924568571254,0,Energy,Power & Utilities,4.621702542837978,7.568578814550378,WITHIN_5_PERCENTAGE_POINTS,MODERATE_DIFFERENCE,ROCE_SOURCE_ANOMALY
TATAPOWER,2019,14.236547391423107,4.595051713041266,11.3,11.1,2.649877082764272,0,Energy,Power & Utilities,2.9365473914231064,6.504948286958734,WITHIN_5_PERCENTAGE_POINTS,MODERATE_DIFFERENCE,ROCE_SOURCE_ANOMALY
TATASTEEL,2013,-21.280580592297788,3.8607219014420506,6.55,7.02,2.0054137890670725,0,Materials,Steel,27.83058059229779,3.159278098557949,MATERIAL_DIFFERENCE,WITHIN_5_PERCENTAGE_POINTS,ROE_SOURCE_ANOMALY
TATASTEEL,2014,9.042238231520773,13.24809063449055,6.55,7.02,2.0139396032764236,0,Materials,Steel,2.4922382315207736,6.228090634490551,WITHIN_5_PERCENTAGE_POINTS,MODERATE_DIFFERENCE,ROCE_SOURCE_ANOMALY
TATASTEEL,2015,-12.564994098695333,3.0423917893797414,6.55,7.02,2.574276691441513,0,Materials,Steel,19.114994098695334,3.977608210620258,MATERIAL_DIFFERENCE,WITHIN_5_PERCENTAGE_POINTS,ROE_SOURCE_ANOMALY
TATASTEEL,2016,-1.136467575230952,-0.4971404481422856,6.55,7.02,1.8747599012165006,0,Materials,Steel,7.686467575230952,7.517140448142285,MODERATE_DIFFERENCE,MODERATE_DIFFERENCE,ROE_AND_ROCE_DIFFERENCE
TATASTEEL,2017,-11.023559586451254,10.87782311123617,6.55,7.02,2.195034242047648,0,Materials,Steel,17.573559586451253,3.8578231112361703,MATERIAL_DIFFERENCE,WITHIN_5_PERCENTAGE_POINTS,ROE_SOURCE_ANOMALY
TATASTEEL,2018,29.148527213287117,14.006848867453503,6.55,7.02,1.5138078888140494,0,Materials,Steel,22.598527213287117,6.986848867453503,MATERIAL_DIFFERENCE,MODERATE_DIFFERENCE,ROE_AND_ROCE_DIFFERENCE
TATASTEEL,2019,13.234675371780922,17.272197053157456,6.55,7.02,1.4626913311570549,0,Materials,Steel,6.684675371780922,10.252197053157456,MODERATE_DIFFERENCE,MATERIAL_DIFFERENCE,ROE_AND_ROCE_DIFFERENCE
TATASTEEL,2021,11.031937391398053,18.74400884846995,6.55,7.02,1.19210926871321,0,Materials,Steel,4.481937391398053,11.72400884846995,WITHIN_5_PERCENTAGE_POINTS,MATERIAL_DIFFERENCE,ROCE_SOURCE_ANOMALY
TATASTEEL,2022,36.48016916718366,33.41508599818951,6.55,7.02,0.6602500808262629,0,Materials,Steel,29.93016916718366,26.39508599818951,MATERIAL_DIFFERENCE,MATERIAL_DIFFERENCE,ROE_AND_ROCE_DIFFERENCE
TATASTEEL,2023,7.833569391358336,17.183136055326507,6.55,7.02,0.8235482431462331,0,Materials,Steel,1.283569391358336,10.163136055326508,WITHIN_5_PERCENTAGE_POINTS,MATERIAL_DIFFERENCE,ROCE_SOURCE_ANOMALY
TATASTEEL,2024,-5.44665934529158,11.737953666527732,6.55,7.02,1.1025547161857854,0,Materials,Steel,11.99665934529158,4.717953666527732,MATERIAL_DIFFERENCE,WITHIN_5_PERCENTAGE_POINTS,ROE_SOURCE_ANOMALY
TCS,2013,36.51740777253152,46.40156386645404,0.52,64.3,0.008613085663882115,0,Information Technology,IT Services,35.99740777253152,17.898436133545957,MATERIAL_DIFFERENCE,MATERIAL_DIFFERENCE,ROE_AND_ROCE_DIFFERENCE
TCS,2014,39.29667649151337,50.82235512810151,0.52,64.3,0.006037198902327472,0,Information Technology,IT Services,38.77667649151336,13.477644871898484,MATERIAL_DIFFERENCE,MATERIAL_DIFFERENCE,ROE_AND_ROCE_DIFFERENCE
TCS,2015,39.616865804285574,48.0105112466417,0.52,64.3,0.007070208353905401,0,Information Technology,IT Services,39.09686580428557,16.2894887533583,MATERIAL_DIFFERENCE,MATERIAL_DIFFERENCE,ROE_AND_ROCE_DIFFERENCE
TCS,2016,34.2441467807294,43.01498941346383,0.52,64.3,0.0034472084646555608,0,Information Technology,IT Services,33.7241467807294,21.285010586536167,MATERIAL_DIFFERENCE,MATERIAL_DIFFERENCE,ROE_AND_ROCE_DIFFERENCE
TCS,2017,30.571600900085834,37.35246176433187,0.52,64.3,0.003352123785000116,0,Information Technology,IT Services,30.051600900085834,26.947538235668127,MATERIAL_DIFFERENCE,MATERIAL_DIFFERENCE,ROE_AND_ROCE_DIFFERENCE
TCS,2018,30.401278075368854,38.08609077598828,0.52,64.3,0.002901513015694014,0,Information Technology,IT Services,29.881278075368854,26.213909224011715,MATERIAL_DIFFERENCE,MATERIAL_DIFFERENCE,ROE_AND_ROCE_DIFFERENCE
TCS,2019,35.28609440332715,44.136836930777136,0.52,64.3,0.000693155646982537,0,Information Technology,IT Services,34.766094403327145,20.16316306922286,MATERIAL_DIFFERENCE,MATERIAL_DIFFERENCE,ROE_AND_ROCE_DIFFERENCE
TCS,2020,38.56952666238737,45.62188515709643,0.52,64.3,0.09716377814231035,0,Information Technology,IT Services,38.049526662387365,18.678114842903568,MATERIAL_DIFFERENCE,MATERIAL_DIFFERENCE,ROE_AND_ROCE_DIFFERENCE
TCS,2021,37.67311096456215,49.39720677505625,0.52,64.3,0.09018546157139055,0,Information Technology,IT Services,37.153110964562146,14.90279322494375,MATERIAL_DIFFERENCE,MATERIAL_DIFFERENCE,ROE_AND_ROCE_DIFFERENCE
TCS,2022,43.13375739014349,54.72219643759605,0.52,64.3,0.08770571803587655,0,Information Technology,IT Services,42.61375739014348,9.57780356240395,MATERIAL_DIFFERENCE,MODERATE_DIFFERENCE,ROE_AND_ROCE_DIFFERENCE
TCS,2023,46.7829337344068,60.39933953033268,0.52,64.3,0.08502167566132886,0,Information Technology,IT Services,46.26293373440679,3.900660469667315,MATERIAL_DIFFERENCE,WITHIN_5_PERCENTAGE_POINTS,ROE_SOURCE_ANOMALY
TCS,2024,45.4199714271639,58.164843813607625,0.52,64.3,0.08912754322873048,0,Information Technology,IT Services,44.8999714271639,6.135156186392372,MATERIAL_DIFFERENCE,MODERATE_DIFFERENCE,ROE_AND_ROCE_DIFFERENCE
TECHM,2013,24.087725764835973,20.893329415221864,8.63,11.9,0.25433099889421307,0,Information Technology,IT Services,15.457725764835972,8.993329415221863,MATERIAL_DIFFERENCE,MODERATE_DIFFERENCE,ROE_AND_ROCE_DIFFERENCE
TECHM,2014,33.34785449793073,43.708748035620744,8.63,11.9,0.03953387061642344,0,Information Technology,IT Services,24.71785449793073,31.808748035620745,MATERIAL_DIFFERENCE,MATERIAL_DIFFERENCE,ROE_AND_ROCE_DIFFERENCE
TECHM,2015,21.70966688438929,32.3833796725363,8.63,11.9,0.057152188112344876,0,Information Technology,IT Services,13.079666884389288,20.4833796725363,MATERIAL_DIFFERENCE,MATERIAL_DIFFERENCE,ROE_AND_ROCE_DIFFERENCE
TECHM,2016,20.745665136042764,27.164902435913785,8.63,11.9,0.07477211979987664,0,Information Technology,IT Services,12.115665136042763,15.264902435913784,MATERIAL_DIFFERENCE,MATERIAL_DIFFERENCE,ROE_AND_ROCE_DIFFERENCE
TECHM,2017,17.34501429701284,23.50165702409706,8.63,11.9,0.08310518951146803,0,Information Technology,IT Services,8.715014297012837,11.60165702409706,MODERATE_DIFFERENCE,MATERIAL_DIFFERENCE,ROE_AND_ROCE_DIFFERENCE
TECHM,2018,20.092341983760548,22.175141242937855,8.63,11.9,0.12720904314599585,0,Information Technology,IT Services,11.462341983760547,10.275141242937854,MATERIAL_DIFFERENCE,MATERIAL_DIFFERENCE,ROE_AND_ROCE_DIFFERENCE
TECHM,2019,21.143702243036728,28.14505632601768,8.63,11.9,0.09839783090953907,0,Information Technology,IT Services,12.513702243036727,16.245056326017682,MATERIAL_DIFFERENCE,MATERIAL_DIFFERENCE,ROE_AND_ROCE_DIFFERENCE
TECHM,2020,17.865493054600467,21.594788682651178,8.63,11.9,0.16824829230275523,0,Information Technology,IT Services,9.235493054600466,9.694788682651177,MODERATE_DIFFERENCE,MODERATE_DIFFERENCE,ROE_AND_ROCE_DIFFERENCE
TECHM,2021,17.506535290569072,24.47597781459339,8.63,11.9,0.11667001809772773,0,Information Technology,IT Services,8.876535290569072,12.575977814593388,MODERATE_DIFFERENCE,MATERIAL_DIFFERENCE,ROE_AND_ROCE_DIFFERENCE
TECHM,2022,20.940266309603512,27.182754880694144,8.63,11.9,0.09737409804359146,0,Information Technology,IT Services,12.310266309603511,15.282754880694144,MATERIAL_DIFFERENCE,MATERIAL_DIFFERENCE,ROE_AND_ROCE_DIFFERENCE
TECHM,2023,17.3936398796734,25.316331854943908,8.63,11.9,0.09812347801174617,0,Information Technology,IT Services,8.7636398796734,13.416331854943907,MODERATE_DIFFERENCE,MATERIAL_DIFFERENCE,ROE_AND_ROCE_DIFFERENCE
TITAN,2013,36.80203045685279,51.47208121827411,32.9,22.7,0.0,0,Consumer Discretionary,Gems & Jewellery,3.902030456852792,28.772081218274113,WITHIN_5_PERCENTAGE_POINTS,MATERIAL_DIFFERENCE,ROCE_SOURCE_ANOMALY
TITAN,2014,29.131985731272298,31.44144144144144,32.9,22.7,0.31985731272294887,0,Consumer Discretionary,Gems & Jewellery,3.7680142687277005,8.741441441441442,WITHIN_5_PERCENTAGE_POINTS,MODERATE_DIFFERENCE,ROCE_SOURCE_ANOMALY
TITAN,2015,26.459143968871597,36.212311557788944,32.9,22.7,0.0324254215304799,0,Consumer Discretionary,Gems & Jewellery,6.440856031128401,13.512311557788944,MODERATE_DIFFERENCE,MATERIAL_DIFFERENCE,ROE_AND_ROCE_DIFFERENCE
TITAN,2016,19.24721984602224,25.939226519337016,32.9,22.7,0.03222127174222983,0,Consumer Discretionary,Gems & Jewellery,13.652780153977758,3.2392265193370164,MATERIAL_DIFFERENCE,WITHIN_5_PERCENTAGE_POINTS,ROE_SOURCE_ANOMALY
TITAN,2017,16.46586345381526,19.03515944399019,32.9,22.7,0.44460193716040636,0,Consumer Discretionary,Gems & Jewellery,16.43413654618474,3.6648405560098105,MATERIAL_DIFFERENCE,WITHIN_5_PERCENTAGE_POINTS,ROE_SOURCE_ANOMALY
TITAN,2018,21.650294695481335,24.244211768175784,32.9,22.7,0.33222003929273086,0,Consumer Discretionary,Gems & Jewellery,11.249705304518663,1.544211768175785,MATERIAL_DIFFERENCE,WITHIN_5_PERCENTAGE_POINTS,ROE_SOURCE_ANOMALY
TITAN,2019,22.8830313014827,23.56138485170743,32.9,22.7,0.3942339373970346,0,Consumer Discretionary,Gems & Jewellery,10.0169686985173,0.861384851707431,MATERIAL_DIFFERENCE,WITHIN_5_PERCENTAGE_POINTS,ROE_SOURCE_ANOMALY
TITAN,2020,22.38716449242765,24.073893070081127,32.9,22.7,0.5341130604288499,0,Consumer Discretionary,Gems & Jewellery,10.512835507572348,1.3738930700811274,MATERIAL_DIFFERENCE,WITHIN_5_PERCENTAGE_POINTS,ROE_SOURCE_ANOMALY
TITAN,2021,12.99186341203148,13.132851161020175,32.9,22.7,0.7520341469921302,0,Consumer Discretionary,Gems & Jewellery,19.90813658796852,9.567148838979824,MATERIAL_DIFFERENCE,MODERATE_DIFFERENCE,ROE_AND_ROCE_DIFFERENCE
TITAN,2022,23.6267870579383,20.1713113765231,32.9,22.7,0.782005804579168,0,Consumer Discretionary,Gems & Jewellery,9.273212942061697,2.5286886234768993,MODERATE_DIFFERENCE,WITHIN_5_PERCENTAGE_POINTS,ROE_SOURCE_ANOMALY
TITAN,2023,27.626360644671337,23.008766141954943,32.9,22.7,0.7903974348156274,0,Consumer Discretionary,Gems & Jewellery,5.273639355328662,0.3087661419549441,MODERATE_DIFFERENCE,WITHIN_5_PERCENTAGE_POINTS,ROE_SOURCE_ANOMALY
TITAN,2024,35.90797041906327,16.86209533520265,32.9,22.7,2.2235004108463436,0,Consumer Discretionary,Gems & Jewellery,3.0079704190632697,5.83790466479735,WITHIN_5_PERCENTAGE_POINTS,MODERATE_DIFFERENCE,ROCE_SOURCE_ANOMALY
TORNTPHARM,2013,30.590717299578056,32.95508274231678,24.2,23.2,0.4873417721518987,0,Healthcare,Pharmaceuticals,6.390717299578057,9.755082742316784,MODERATE_DIFFERENCE,MODERATE_DIFFERENCE,ROE_AND_ROCE_DIFFERENCE
TORNTPHARM,2014,34.8922753547031,31.466227347611202,24.2,23.2,0.5948502364687336,0,Healthcare,Pharmaceuticals,10.692275354703103,8.266227347611203,MATERIAL_DIFFERENCE,MODERATE_DIFFERENCE,ROE_AND_ROCE_DIFFERENCE
TORNTPHARM,2015,30.148534725010034,19.49913974383483,24.2,23.2,1.099959855479727,0,Healthcare,Pharmaceuticals,5.948534725010035,3.700860256165168,MODERATE_DIFFERENCE,WITHIN_5_PERCENTAGE_POINTS,ROE_SOURCE_ANOMALY
TORNTPHARM,2016,49.59931310818546,46.749914471433456,24.2,23.2,0.6731539782484258,0,Healthcare,Pharmaceuticals,25.399313108185464,23.549914471433457,MATERIAL_DIFFERENCE,MATERIAL_DIFFERENCE,ROE_AND_ROCE_DIFFERENCE
TORNTPHARM,2018,14.665801427644388,12.169598556608028,24.2,23.2,1.3977936404931863,0,Healthcare,Pharmaceuticals,9.534198572355612,11.030401443391971,MODERATE_DIFFERENCE,MATERIAL_DIFFERENCE,ROE_AND_ROCE_DIFFERENCE
TORNTPHARM,2019,9.227513227513228,18.42423116231534,24.2,23.2,1.2778835978835978,0,Healthcare,Pharmaceuticals,14.972486772486771,4.775768837684659,MATERIAL_DIFFERENCE,WITHIN_5_PERCENTAGE_POINTS,ROE_SOURCE_ANOMALY
TORNTPHARM,2022,13.052242566773057,24.25421530479896,24.2,23.2,0.6836888963547791,0,Healthcare,Pharmaceuticals,11.147757433226943,1.0542153047989622,MATERIAL_DIFFERENCE,WITHIN_5_PERCENTAGE_POINTS,ROE_SOURCE_ANOMALY
TORNTPHARM,2024,22.068230277185503,31.677953348382243,24.2,23.2,0.4168443496801706,0,Healthcare,Pharmaceuticals,2.1317697228144965,8.477953348382243,WITHIN_5_PERCENTAGE_POINTS,MODERATE_DIFFERENCE,ROCE_SOURCE_ANOMALY
TRENT,2013,-2.1933387489845653,0.3176620076238882,27.2,23.8,0.2786352558895207,0,Consumer Discretionary,Retail,29.393338748984565,23.482337992376113,MATERIAL_DIFFERENCE,MATERIAL_DIFFERENCE,ROE_AND_ROCE_DIFFERENCE
TRENT,2014,-1.917255297679112,-0.7558578987150416,27.2,23.8,0.3350151362260343,0,Consumer Discretionary,Retail,29.11725529767911,24.555857898715043,MATERIAL_DIFFERENCE,MATERIAL_DIFFERENCE,ROE_AND_ROCE_DIFFERENCE
TRENT,2015,9.071729957805907,5.210183540556542,27.2,23.8,0.1877637130801688,0,Consumer Discretionary,Retail,18.128270042194092,18.58981645944346,MATERIAL_DIFFERENCE,MATERIAL_DIFFERENCE,ROE_AND_ROCE_DIFFERENCE
TRENT,2016,3.7568306010928962,4.828326180257511,27.2,23.8,0.273224043715847,0,Consumer Discretionary,Retail,23.443169398907102,18.97167381974249,MATERIAL_DIFFERENCE,MATERIAL_DIFFERENCE,ROE_AND_ROCE_DIFFERENCE
TRENT,2017,5.4945054945054945,6.910778751933987,27.2,23.8,0.25339366515837103,0,Consumer Discretionary,Retail,21.705494505494507,16.889221248066015,MATERIAL_DIFFERENCE,MATERIAL_DIFFERENCE,ROE_AND_ROCE_DIFFERENCE
TRENT,2018,5.454545454545454,10.473313192346426,27.2,23.8,0.245141065830721,0,Consumer Discretionary,Retail,21.745454545454546,13.326686807653575,MATERIAL_DIFFERENCE,MATERIAL_DIFFERENCE,ROE_AND_ROCE_DIFFERENCE
TRENT,2019,5.771567436208992,11.261682242990654,27.2,23.8,0.3001215066828676,0,Consumer Discretionary,Retail,21.428432563791006,12.538317757009347,MATERIAL_DIFFERENCE,MATERIAL_DIFFERENCE,ROE_AND_ROCE_DIFFERENCE
TRENT,2020,4.438860971524288,19.680059523809522,27.2,23.8,0.12562814070351758,0,Consumer Discretionary,Retail,22.76113902847571,4.119940476190479,MATERIAL_DIFFERENCE,WITHIN_5_PERCENTAGE_POINTS,ROE_SOURCE_ANOMALY
TRENT,2021,-7.825335062689148,4.3628013777267505,27.2,23.8,0.1297016861219196,0,Consumer Discretionary,Retail,35.025335062689145,19.43719862227325,MATERIAL_DIFFERENCE,MATERIAL_DIFFERENCE,ROE_AND_ROCE_DIFFERENCE
TRENT,2022,1.4805414551607445,8.393285371702639,27.2,23.8,1.998730964467005,0,Consumer Discretionary,Retail,25.719458544839256,15.406714628297362,MATERIAL_DIFFERENCE,MATERIAL_DIFFERENCE,ROE_AND_ROCE_DIFFERENCE
TRENT,2023,15.177195685670261,15.779036827195467,27.2,23.8,1.7195685670261942,0,Consumer Discretionary,Retail,12.022804314329738,8.020963172804533,MATERIAL_DIFFERENCE,MODERATE_DIFFERENCE,ROE_AND_ROCE_DIFFERENCE
TRENT,2024,31.55982905982906,30.220791168353266,27.2,23.8,0.3935897435897436,0,Consumer Discretionary,Retail,4.35982905982906,6.420791168353265,WITHIN_5_PERCENTAGE_POINTS,MODERATE_DIFFERENCE,ROCE_SOURCE_ANOMALY
